# ICAO airline designator, telephony designator (radio call sign), airline.
# From Wikipedia, "List of airline codes" (A–Z, 0–9), retrieved 2026-10-02: https://en.wikipedia.org/wiki/List_of_airline_codes
# Text licensed CC BY-SA 4.0 (https://creativecommons.org/licenses/by-sa/4.0/). Where a designator was held by several airlines, the one still flying.
AAA	ANSETT	Ansett Australia
AAB	ABG	Abelag Aviation
AAC	ARMYAIR	Army Air Corps
AAD	AMBASSADOR	Mann Air Ltd
AAE	ARIZONA	Western Express Air
AAF	AIGLE AZUR	Aigle Azur
AAG	ATLANTIC	Air Atlantique
AAH	ALOHA	Aloha Air Cargo
AAI	BOREALIS	Air Aurora
AAJ	ALFA SUDAN	Alfa Airlines
AAK	ALASKA ISLAND	Alaska Island Air
AAL	AMERICAN	American Airlines
AAN	OASIS	Oasis International Airlines Now assigned to Boliviana de Aviacion (BoA)
AAO	ATLANTIS AIR	Atlantis Airlines (USA)
AAP	ARABASCO	Arabasco Air Services
AAQ	COPTERLINE	Copterline
AAR	ASIANA	Asiana Airlines
AAS	AL ASS	Askari Aviation
AAT	AUSTRIAN CHARTER	Austrian Airtransport
AAU	AUSTASIA	Australia Asia Airlines
AAV	ASTRO PHIL	Astro Air International
AAW	AFRIQIYAH	Afriqiyah Airways
AAX	ADVANCE AVIATION	Advance Aviation
AAY	ALLEGIANT	Allegiant Air
AAZ	ANGUS	Angus Aviation
ABA	AEROBETA	Aero-Beta
ABB	AFRICAN BUSINESS	African Business and Transportations
ABD	ATLANTA	Air Atlanta Icelandic
ABE	ABAN	Aban Air
ABF	SKYWINGS	Aerial Oy
ABG	ROYAL FLIGHT	Abakan-Avia
ABI	ANAIR	Antigua and Barbuda Airways
ABJ	ABAETE	Abaeté Linhas Aéreas
ABK	ALBERTA CITYLINK	Alberta Citylink
ABL	AIR BUSAN	Air Busan
ABM	ALBATROS ESPANA	Aero Albatros
ABN	AIR ALBANIA	Air Albania
ABO	AEROEXPRESO	APSA Colombia
ABP	BAIR	ABS Jets
ABQ	AIRBLUE	Airblue
ABR	CONTRACT	ASL Airlines Ireland
ABS	ATHABASKA	Transwest Air
ABT	AMBITION	Ambeo
ABU	AEROBUENO	Aerovías Bueno
ABV	ANTRAK	Antrak Air
ABW	AIRBRIDGE CARGO	AirBridge Cargo
ABX	ABEX	ABX Air
ABY	ARABIA	Air Arabia
ABZ	ISLAND LIFEFLIGHT	Air Ambulance Services
ACA	AIR CANADA	Air Canada
ACB	AFRICARGO	African Cargo Services
ACD	ACADEMY	Academy Airlines
ACE	FASTCARGO	Race Cargo Airlines
ACF	FORCAN	Centro de Formación Aeronáutica de Canarias
ACG	AIR PARTNER	Air Partner
ACH	AIR PLUS	Air Cargo Plus
ACI	AIRCALIN	Air Caledonie International
ACJ	AVICHARTER	Avicon
ACK	ACK AIR	Nantucket Airlines
ACL	SPADA	Itali Airlines
ACM	WEST CAL	Air Caledonia
ACN	AEROCENTRO	Central American Airlines
ACP	ASTRAL CARGO	Astral Aviation
ACQ	AERO CONTINENTE	Nuevo Continente
ACR	AEROCENTER	Aerocenter, Escuela de Formación de Pilotos Privados de Avión
ACS	AIRCRAFT SALES	Aircraft Sales and Services
ACT	AMERICAN CHECK	Flight Line
ACU	AFRISPIRIT	Air Cargo Transportation System
ACW	AIR CADET	Royal Air Force
ACX	PARAIR	Air Charters
ACY	ARNA	Fly Arna
ADA	AUSCAL	Airservices Australia
ADB	ANTONOV BUREAU	Antonov Airlines
ADC	AD ASTRA	AD Astra Executive Charter
ADE	ADA AIR	Ada Air
ADF	ADE AVIACION	Ade, Aviación Deportiva
ADG	AEREA TRAINING	Aerea Flying Training Organization
ADI	AUDELI	Audeli Air
ADJ	ABICAR	Abidjan Air Cargo
ADK	ADCO	ADC Airlines
ADL	COTSWOLD	Aero Dynamics
ADM	DOMINAIR	Dominair
ADN	AERODIENST	Aero-Dienst
ADO	AIR DO	AIRDO
ADP	AERODIPLOMATIC	Aerodiplomatic
ADQ	AIR DATA	Avion Taxi
ADR	ADRIA	Adria Airways
ADS	SONORAV	Aviones de Sonora
ADT	ARRENDA TRANS	Arrendaminetos y Transportes Turisticos
ADU	AIRDEAL	Airdeal Oy
ADV	ADVANCED	Advanced Flight Training
ADW	AIR ANDAMAN	Air Andaman
ADX	ANDAX	Anderson Aviation
ADY	NAWRAS	Air Arabia Abu Dhabi
AEA	EUROPA	Air Europa
AEB	AEROBEN	Aero Benin
AEC	AEROCESAR	Aerocésar
AED	AIE EXPERIENCE	Aie Experience Flight
AEE	AEGEAN	Aegean Airlines
AEG	FUMIGACIONES SAM	Aerofumigaciones Sam
AEH	AEROCUTTER	Aero4m
AEI	INTERAM	Aeroexpreso Interamericano
AEJ	KHAKI EXPRESS	Air Express
AEK	AEROCON	Aerocon
AEL	AIR EUROPE	Air Europe Italy
AEM	AEROMADRID	Aero Madrid
AEN	AIR ENTERPRISE	Air Enterprise
AEO	AERO OCCIDENTE	Aeroservicios Ejecutivos Del Occidente
AEP	AEROTEC	Aerotec Escuela de Pilotos
AEQ	LUNA	Air Express
AER	ACE AIR	Alaska Central Express
AES	AEROPARAGUAY	Aerosur Paraguay
AET	AERO PALMA	Aero-Palma
AEU	FLYSTAR	Astraeus
AEV	AEROVENTAS	Aeroventas
AEW	AEROSVIT	Aerosvit Airlines
AEX	AVCO	Airway Express
AEY	AIR ITALY	Air Italy
AEZ	AERIAL TRANZ	Aerial Transit
AFA	BLUE ALFA	Alfa Air
AFB	AMERICAN FALCON	American Falcon
AFC	AFRICAN WEST	African West Air
AFD	AIRFED	Panorama Flight Service
AFE	AIRFAST	Airfast Indonesia
AFF	AFRIWAYS	Africa Airways
AFG	ARIANA	Ariana Afghan Airlines
AFH	FECTO	Air Fecteau
AFI	AFRICAWORLD	Africaone
AFJ	JAMBO	Alliance Air
AFK	AFRICA LINKS	Africa Air Links
AFL	AEROFLOT	Aeroflot
AFM	EPIC AIR	AEROSPEED FORMATION ET MAINTENANCE
AFN	SIMBA	African International Airlines
AFO	AERO EMPRESA	Aero Empresa Mexicana
AFP	PORTUGUESE AIR FORCE	Portuguese Air Force
AFQ	ALBA	Alba Servizi Aerotrasporti
AFR	AIRFRANS	Air France
AFU	AFRINAT	Afrinat International Airlines
AFV	AFRIQUE VACANCE	Air Afrique Vacancies
AFW	BLACKSTAR	Africa World Airlines
AFY	AFRICA CHARTERED	Africa Chartered Services
AFZ	AFREIGHT	Africa Freight Services
AGA	GEOLINE	AG Air
AGC	AGRICO	Arab Agricultural Aviation Company
AGE	AEROANGEL	Servicios Aéreos de Los Ángeles
AGF	ATLANTIC GULF	Atlantic Gulf Airlines
AGG	ALGOMA	Algoma Airways
AGH	ALTAGNA	Altagna
AGI	ANGELES AMERICA	Aereo Transportes Los Angeles de America
AGM	AIR GUAM	Air Guam
AGN	GOLF NOVEMBER	Air Gabon
AGO	ANGOLA CHARTER	Angola Air Charter
AGP	AIR TARA	AERFI Group
AGQ	GALASERVICE	Aerogala
AGR	AGRICULTURE	United States Department Of Agriculture
AGT	AMADEUS	Amadeus IT Group
AGU	SARMA	Angara Airlines
AGV	AIR GLACIERS	Air Glaciers
AGW	AERO GAMBIA	Aero Gambia
AGX	GENEX	Aviogenex
AGY	FLIGHT GROUP	Aero Flight Service
AGZ	AGROLET	Agrolet-Mci
AHA	AIR ALPHA	Air Alpha Greenland
AHC	AZALAVIACARGO	Azal Avia Cargo
AHD	AIRHANDLING	Czech Air Handling
AHE	AIRPORT HELICOPTER	Airport Helicopter Basel, Muller & Co.
AHF	ASPEN	Aspen Helicopters
AHG	AEROCHAGO	Aerochago Airlines
AHH	AIRHOLD	Airplanes Holdings
AHI	AEROCHISA	Servicios Aéreos de Chihuahua Aerochisa
AHK	AIR HONG KONG	Air Hong Kong
AHL	HIDALGO	Aerolíneas Hidalgo
AHM	AIR HURON	Garrison Aviation
AHN	AIR HUNGARIA	Air Hungaria
AHO	AIR HAMBURG	Air Hamburg
AHP	AEROCHIAPAS	Aerochiapas
AHR	ADRIATIC	Air Adriatic
AHS	AIRSAR	Air Viggi San Raffaele
AHT	HELIAPRA	HTA Helicopteros
AHU	ABC HUNGARY	ABC Air Hungary
AHW	AEROMIST	Aeromist-Kharkiv
AHY	AZAL	Azerbaijan Airlines
AIA	AVIES	Avies
AIB	AIRBUS INDUSTRIE	Airbus Industrie
AIC	AIRINDIA	Air India Limited
AID	CENTURY AIRBIRD	Christian Konig - Century Airbirds
AIE	AIR INUIT	Air Inuit
AIH	AIR INCHEON	Air Incheon
AII	INTEGRA	Air Integra
AIJ	ABC AEROLINEAS	Interjet
AIK	AFRICAN AIRLINES	African Airlines International Limited
AIL	AIR ILLINOIS	Air Illinois
AIM	PIJO	Trabajos Aéreos Murcianos
AIN	FLY CARGO	African International Airways
AIO	AIR CHIEF	United States Air Force
AIP	ALPINE AIR	Alpine Air Express
AIQ	THAI ASIA	Thai AirAsia
AIR	AIRLIFT	Airlift International
AIS	SURESTE	Air Sureste
AIT	AIREST CARGO	Airest
AIU	ALIA	Alicante Internacional Airlines
AIV	AIRVIAS	Airvias S/A Linhas Aéreas
AIW	TARTAN	Atlantic Island Airways
AIX	CRUISER	Aircruising Australia
AIY	AIRCREW	Aircrew Check and Training Australia
AIZ	ARKIA	Arkia Israel Airlines
AJA	AFGHAN JET	Afghan Jet International Airlines
AJB	AERO JBR	Aero JBR
AJC	BAR HARBOR	Bar Harbor Airlines
AJE	JET EXPRESS	Aero Jet Express
AJF	AVIACONSULT	Avia Consult Flugbetriebs
AJH	ALJARAFE	Aeroaljarafe
AJI	AMERISTAR	Ameristar Jet Charter
AJJ	ATLANTIC JET	A2 Jet Leasing
AJK	BAMBI	Allied Air
AJM	JAMAICA	Air Jamaica
AJO	AEROEXO	Aero Ejecutivo
AJP	AEROJETS	Aero Jets Corporativos
AJR	JET MONGOLIA	A-Jet Aviation Company
AJS	AEROEJECUTIVOS	Aeroejecutivos Colombia
AJT	AMERIJET	Amerijet International
AJU	AIRJETSUL	Air Jetsul
AJV	AYJAY CARGO	ANA & JP Express
AJW	ALPHAJET	Alpha Jet International
AJX	AIR JAPAN	Air Japan
AJY	AYJET	AJet
AKB	KARAB	Aktjubavia
AKC	ARCA	Arca Aerovías Colombianas Ltda.
AKF	ANIKAY	Anikay Air Company
AKG	GRIFTER	No. 84 Squadron RAF
AKH	AKHAL	Akhal
AKJ	AKASA AIR	Akasa Air
AKK	AKLAK	Aklak Air
AKL	KIRIBATI	Air Kiribati
AKM	MAKAIR	Mak Air
AKN	ALKAN AIR	Alkan Air
AKR	AERO CLINKER	Aero Clinker
AKT	AVIAKARAT	Karat
AKW	ANGKORWAYS	Angkor Airways
AKX	ALFA WING	Air Nippon Network Co. Ltd.
AKY	YAK SERVICE	Yak-Service
AKZ	ABSOLUTE	AK Navigator LLC
ALB	ALBATROS	Aero Albatros
ALC	ACOM	Southern Jersey Airways, Inc.
ALD	ALBION	Albion Aviation
ALE	AEROALAS	Aeroalas Colombia
ALF	ACEFORCE	Allied Command Europe (Mobile Force)
ALG	AIRLOG	Air Logistics
ALJ	ALPIN HELI	Heli Ambulance Team
ALK	SRILANKAN	SriLankan Airlines
ALL	VALLARTA	Aerovallarta
ALM	ANTILLEAN	Air ALM
ALN	CHICAGO LINCOLN	Air Lincoln
ALO	ALLEGHENY	Allegheny Commuter Airlines
ALP	ALPINER	Alpliner AG
ALQ	ALTAIR	Altair Aviation (1986)
ALR	AEROLAIRE	Líneas Aéreas Alaire S.L.
ALS	AERALP	Aeralp
ALT	AERLINEAS CENTRALES	Aerolíneas Centrales
ALU	LUXORJET	Air Luxor STP
ALV	AEROPOSTAL	Aeropostal Alas de Venezuela
ALW	ALNACIONAL	Alas Nacionales, S.A.
ALX	ALLCONGO	Hewa Bora Airways
ALY	ALYESKA	Alyeska Air Service
AMA	ADIK	ATMA
AMB	CIVIL AIR AMBULANCE	Deutsche Rettungsflugwacht
AMC	AIR MALTA	Air Malta
AMD	AEROLINEAS MEDELLIN	Aerolíneas Medellín
AME	AIRMIL	Spanish Air Force
AMF	AMFLIGHT	Ameriflight
AMG	AIR MINAS	Air Minas Linhas Aéreas
AMH	MANN	Alan Mann Helicopters Ltd.
AMI	AIR MALDIVES	Air Maldives
AMJ	AVIATION AMOS	Aviation Amos
AMK	AMER AIR	Amerer Air
AMM	AEROM	Aeroputul International Marculesti
AMO	AIR MONTREAL	Air Montreal (Air Holdings Inc.)
AMP	ATSA	Aero Transporte S.A. (ATSA)
AMQ	AMEX	Aircraft Management and Consulting
AMR	AIR AM	Air Specialties Corporation
AMS	AIR MUSKOKA	Air Muskoka
AMT	AMTRAN	ATA Airlines
AMU	AIR MACAO	Air Macau
AMV	AMC AIRLINES	AMC Airlines
AMW	ARMENIA	Armenia Airways
AMX	AEROMEXICO	Aeroméxico
AMY	AIR AMBAR	Air Ambar
AMZ	AMIYA AIR	Amiya Airline
ANA	ALL NIPPON	All Nippon Airways
ANB	AIR NAV	Air Navigation And Trading Co. Ltd.
ANC	ANGLO	Anglo Cargo
AND	SERVI ANDES	Servicios Aéreos de los Andes
ANE	AIR NOSTRUM	Air Nostrum
ANG	NIUGINI	Air Niugini
ANH	ALAJNIHAH	Alajnihah for Air Transport
ANI	NIGALANTIC	Air Atlantic (Nig) Limited
ANK	ANK AIR	Air Nippon
ANL	AIR NACOIA	Nacoia Lda
ANM	ANTARES	Antares Airtransport, Maintenance & Service GmbH
ANO	TOPEND	Airnorth
ANQ	ANTIOQUIA	Aerolínea de Antioquia
ANS	AEROANDES	Andes Líneas Aéreas
ANT	AIR NORTH	Air North Charter - Canada
ANV	AIR NEVADA	Air Nevada
ANW	AVINOR	Aviación Del Noroeste, S.A. de C.V.
ANX	SECRETARIA DEMARINA	Secretaria de Marina
ANZ	NEW ZEALAND	Air New Zealand
AOA	ALCON	Alcon Servicios Aéreos, S.A. de C.V.
AOB	CARIBE CORO	Aerocaribe Coro
AOC	AERO AVCOM	AVCOM
AOD	AERO CZECH	Aero Vodochody
AOE	LIVINGSTONE AIR	Livingstone Executive
AOF	ATAIR	Atair Pty Ltd.
AOG	AVIP	Aero VIP
AOI	ASTORIA	Astoria, Inc.
AOJ	ASTERIX	Avcon Jet
AOL	ANGKOR AIR	Angkor Airlines
AOM	FRENCH LINES	AOM French Airlines
AON	AERO ENTERPRISE	Aero Entreprise
AOO	COMPANY AS	As, Opened Joint Stock Company
AOP	AEROPILOTO	Aeropiloto
AOR	INTER AFRO	Afro International Ent. Limited
AOS	AEROSOL	Servicios Aéreos Del Sol, S.A. de C.V.
AOT	ASIA OVERNIGHT	Asia Overnight Express
AOU	AIR TRACTOR	Air Tractor
AOV	AEROVISION	Aero Vision
AOX	AEROVALLE	Aerotaxi Del Valle
APA	CAN AM	Air Park Aviation Ltd.
APC	AIRPAC	Airpac Airlines, Inc.
APE	AIR PARCEL	Parcel Express
APF	AMAPOLA	Amapola Flyg AB
APG	COOL RED	Philippines AirAsia
APH	AIRFLIGHT	Alpha Aviation, Inc.
API	ASA PESADA	ASA Pesada, Lda.
APJ	AIR PEACH	Peach Aviation
APL	AEREO PRINCIPAL	Corporativo Aereo Principal
APM	ALASKA PACIFIC	Airpac, Inc.
APN	AIR ALPES	Alpine Airlines
APO	AEROPRO	Aeropro
APP	ALPAVIA	AlpAvia d.o.o.
APQ	ASPEN BASE	Aspen Aviation
APR	AEROPERLAS	Aerolíneas Primordiales
APT	LAP	LAP Colombia - Líneas Aéreas Petroleras, S.A.
APU	AEROPUMA	Aeropuma, S.A.
APV	AIR PLAN	Air Plan International
APW	BIG A	Arrow Air
APX	PARCEL EXPRESS	Apex Air Cargo
APY	APA INTERNACIONAL	APA Internacional
APZ	AIR PREMIA	Air Premia
AQA	ATCO	Aeroatlas, S.A.
AQL	AQUILA	Aquila Air Ltd.
AQN	BUSHAIR	Air Queensland
AQO	ALCOA SHUTTLE	Aluminum Company Of America
AQT	AVIOQUINTANA	Avioquintana
AQU	QUARIUS	AirQuarius Aviation
AQZ	QUANZA	Aerodyne Charter Company
ARA	ARIK AIR	Arik Air
ARB	AVIAIR	Avia Air N.V.
ARE	LAN COLOMBIA	LATAM Colombia
ARF	AERO FOX	Aero Flight
ARG	ARGENTINA	Aerolíneas Argentinas
ARH	ARROWHEAD	Arrowhead Airways
ARI	AEROVICS	Aero Vics
ARK	LINK SERVICE	Aero Link Air Services S.L.
ARL	AIRLEC	Airlec - Air Aquitaine Transport
ARM	AMEX	Aeromarket Express
ARO	ACERO	Acero Taxi
ARP	IVORYCORP	Aero Corporate
ARQ	ARMSTRONG	Armstrong Air, Inc.
ARR	AIR ARMENIA	Air Armenia
ARS	METSERVICE	Aeromet Servicios
ART	SMART LYNX	Smartlynx Airlines
ARU	ARUBA	Aruba Airlines
ARV	ARAVCO	Aravco Ltd.
ARW	ARIABIRD	Aria
ARX	AIREX	Air Xpress, Inc.
ARY	GOSEY	Argosy Airways
ARZ	AIR RESORTS	Air Resorts
ASA	ALASKA	Alaska Airlines, Inc.
ASB	AIR SPRAY	Air-Spray 1967 Ltd.
ASC	AIR STAR	Air Star Corporation
ASD	AIR SINAI	Air Sinai
ASE	MOROZOV	Airstars
ASF	SCHEFF	Air Schefferville, Inc.
ASG	AFRICAN STAR	African Star Airways (PTY) Ltd.
ASH	AIR SHUTTLE	Mesa Airlines
ASI	AEROSUN	Aerosun International, Inc.
ASJ	SATELLITE	Air Satellite
ASK	AIR SASK	La Ronge Aviation Services
ASL	AIR SERBIA	Air Serbia
ASM	AWESOME	Awesome Flight Services (PTY) Ltd.
ASO	AERO NITRA	Aero Slovakia
ASP	AIRSPRINT	Airsprint
ASQ	ACEY	ExpressJet
ASR	ALL STAR	All Star Airlines, Inc.
ASS	AIR CLASS	Air Class, S.A. de C.V.
AST	AEROESTE	Aerolíneas Del Oeste
ASV	ASTRAVIA	Astravia-Bissau Air Transports Ltd.
ASW	AIRSOUTHWEST	Air Southwest Ltd.
ASX	AIRSPEC	Air Special
ASY	AUSSIE	Royal Australian Air Force
ASZ	AIR ASTRAKHAN	Astrakhan Airlines
ATB	STARLITE	Atlantair Ltd.
ATC	TANZANIA	Air Tanzania
ATD	AEROTOURS	Aerotours Dominicana
ATE	ATLANTIS CANADA	Atlantis Transportation Services, Ltd.
ATF	AEROTECNICAS	Compañía Aerotécnicas Fotográficas
ATG	MOLDCARGO	Aerotranscargo
ATH	AIR TRAVEL	Air Travel Corp.
ATI	AEROTROPICS	Aero-Tropics Air Services
ATJ	SNOOPY	Air Traffic GmbH
ATK	AEROTACA	AeroTACA
ATL	AIR BREMEN	Atlas Air Service AG
ATM	AIRTAS	Par Avion
ATN	AIR TRANSPORT	Air Transport International
ATP	ASTRAL	ASTRAL Colombia - Aerotransportes Especiales Ltda.
ATQ	COLIBRI	CHC Helicopters Nigeria
ATR	ATLAS AIR	Atlas Airlines
ATT	ATTAWASOL AIR	Attawasol Airlines
ATU	ATLANT HUNGARY	Atlant Aerobatics Ltd.
ATV	AVANTI AIR	Avanti Air
ATW	AERO TRADES	Aero Trades (Western) Ltd.
ATX	AIRTAX	Warwickshire Aerocentre Ltd.
AUA	AUSTRIAN	Austrian Airlines
AUB	AUGSBURG AIR	Augsburg Airways
AUC	AUSCARGO	Transaustralian Air Express
AUD	AUDI AIR	Audi Air, Inc.
AUF	AUGUSTA	Augusta Air Luftfahrtunternehmen
AUH	SULTAN	Presidential Flight
AUI	UKRAINE INTERNATIONAL	Ukraine International Airlines
AUJ	AUSTROJET	Business Flight Salzburg
AUL	ARCHANGELSK AIR	Nordavia
AUM	ATLAMUR	Air Atlantic Uruguay
AUN	COMMON SKY	Common Sky
AUO	UNIFORM OSCAR	Empresa (Aero Uruguay), S.A.
AUR	AYLINE	Aurigny Air Services
AUS	AUS AIR	Aus-Air
AUT	AUSTRAL	Austral Líneas Aéreas
AUU	AURORA AIR	Aurora Aviation, Inc.
AUY	AUSA	Aerolíneas Uruguayas, S.A.
AUZ	AUSTRALIAN	Australian Airlines
AVA	AVIANCA	Avianca
AVB	BEAUPAIR	Aviation Beauport
AVD	ALAMO	Álamo Aviación, S.L.
AVE	AVENSA	Avensa
AVF	CARIBOO	Aviair Aviation Ltd.
AVG	DJIBOUTI FALCON	Air Falcon
AVH	KENT HELI	AV8 Helicopters
AVJ	ATOMIC	Avia Traffic Company
AVK	AVIATE COPTER	AV8 Helicopters
AVM	AVEMEX	Aviación Ejecutiva Mexicana, S.A.
AVN	AIR VAN	Air Vanuatu
AVO	AVIATION WORK	Aviation at Work
AVP	AVIA PUEBLA	Aviacion Corporativa de Peubla
AVQ	AQUILINE	Aviation Services, Inc.
AVR	ACTIVE AERO	Active Aero Charter, Inc.
AVS	AVIALSA	Avialsa T-35
AVT	ASIAVIA	Asia Avia Airlines
AVU	AVIASUD	Avia Sud Aérotaxi
AVV	AIRVANTAGE	Airvantage Incorporated
AVW	AVIATOR	Aviator Airways
AVX	PASLAUGA	Aviapaslauga
AVY	AEROVARADERO	Aerovaradero, S.A.
AVZ	AIR VALENCIA	Air Valencia
AWB	AIRNAT	Airways International, Inc.
AWC	ZAP	Titan Airways
AWE	CACTUS	US Airways
AWG	ANIMA WINGS	Animawings
AWI	WISCONSIN	Air Wisconsin
AWJ	SAHEL AIRLINES	Sahel Airlines
AWK	AIRWORK	Airwork
AWL	AUSSIEWORLD	Australian Wetleasing
AWN	AIR NIAMEY	Air Niamey
AWO	AWOOD AIR	Awood Air Ltd.
AWQ	WAGON AIR	Indonesia AirAsia
AWR	ARCTIC WINGS	Arctic Wings And Rotors Ltd.
AWS	ARAB WINGS	Arab Wings
AWT	ALBAWINGS	Albawings
AWU	SYLT AIR	Sylt Air GmbH
AWV	AIRWAVE	Airwave Transport, Inc.
AWW	RED DRAGON	Air Wales
AWX	ALLWEATHER	Civil Aviation Authority Directorate of Airspace Policy
AWY	AEROWEE	Aeroway, S.L.
AXB	EXPRESS INDIA	Air India Express
AXC	AIRSPUP	Indochina Airlines
AXD	AIR SUDEX	Air Express
AXE	GALILEO	AirExplore
AXH	AEROMEXHAGA	Aeromexhaga
AXI	AIR FREIGHTER	Aeron International Airlines, Inc.
AXK	EXPRESS JET	African Express Airways
AXL	EXEL COMMUTER	Air Exel
AXM	RED CAP	AirAsia
AXN	ALEXANDROS	Alexandair
AXP	AEROMAX SPAIN	Aeromax
AXQ	ACTION AIR	Action Airlines (Action Air Charter)
AXR	RENTAXEL	Axel Rent, S.A.
AXS	ALTUS	Altus Airlines
AXV	AVA	AVA Airlines
AXX	SKY SHUTTLE	Advance Air Luftfahrtgesellschaft
AXY	LEGEND	Air X Charter
AYB	BELGIAN ARMY	Belgian Army
AYD	AIRLINES ALADIA	Aladia Airlines
AYE	AIR YING AN	Yunnan Yingan Airlines
AYG	AIR YANGON	Yangon Airways
AYM	AIRMAN	Airman, S.L.
AYN	ARYSTAN	FlyArystan
AYR	CYGNET	Flight Training Europe
AYT	AYEET	Ayeet Aviation & Tourism
AYZ	ATLANT SOYUZ	Atlant-Soyuz Airlines
AZA	ALITALIA	Alitalia
AZB	ZAAB AIR	Zaab Air
AZE	ARCUS AIR	Arcus-Air Logistic
AZF	AIR ZERMATT	Air Zermatt AG
AZG	SILK WEST	Silk Way West Airlines
AZI	ASTRA	Astra Airlines
AZK	AZALHELICOPTER	Azalhelikopter
AZL	SKY AFRICA	Africa One
AZM	AEROCOZUMEL	Aerocozumel
AZP	GUARANI	Amaszonas Paraguay
AZQ	SILK LINE	Silk Way Airlines
AZR	ZENAIR	Zenith Air
AZS	ZITOTRANS	Aviacon Zitotrans Air Company
AZT	AZIMUT	Azimut, S.A.
AZU	AZUL	Azul Brazilian Airlines
AZV	AZOV AVIA	Azov Avia Airlines
AZW	AIR ZIMBABWE	Air Zimbabwe
AZX	AZIMA	Air Max Africa
AZY	ARIZAIR	Arizona Airways, Inc.
AZZ	AZZA TRANSPORT	Azza Transport
BAA	BALKAN AGRO	Balkan Agro Aviation
BAB	AWAL	Bahrain Air BSC (Closed)
BAE	FELIX	BAE Systems
BAF	BELGIAN AIRFORCE	Belgian Air Force
BAG	SPEEDWAY	Dba
BAH	BAHRAIN	The Amiri Flight
BAJ	RODEO	Baker Aviation
BAK	BLACKHAWK	Blackhawk Airways
BAL	BELLEAIR EUROPE	Belle Air Europe
BAM	BUSINESS AIR	Business Air Services
BAN	PENGUIN	British Antarctic Survey
BAP	BIG APPLE	Trans International Express Aviation
BAR	BRADLEY	Bradly Air (Charter) Services
BAS	AEROSERV	Aero Services
BAT	BALLISTIC	Premiair
BAU	AIR BISSAU	Bissau Airlines
BAV	BAY AIR	Bay Aviation Ltd
BAW	SPEEDBIRD	British Airways
BAY	BRAVOAVIANCA	Bravo Airways
BBA	BANAIR	Bannert Air
BBB	BLACKBIRD	SwedJet Airways
BBC	BANGLADESH	Biman Bangladesh Airlines
BBD	BLUE CARGO	Bluebird Nordic
BBE	BABEL AIR	Ababeel Aviation
BBF	SPEEDCHARTER	B-Air Charter
BBJ	BLUE KOREA	Blue Air Lines
BBL	BLUE	IBM Euroflight Operations
BBN	BRABAZON	Civil Aviation Authority Airworthiness Division
BBO	BABOO	Flybaboo
BBR	SANTA BARBARA	Santa Barbara Airlines
BBS	BEIBARS	Beibars CJSC
BBT	AGYDAL	Air Bashkortostan
BBV	BRAVO EUROPE	Bravo Airlines
BBW	BEEBEE AIRWAYS	BB Airways
BBZ	COBRA	Bluebird Aviation
BCB	WAVEBIRD	Carib Express
BCF	BACH	BACH Flugbetriebsges
BCH	BEACHBALL	Phillips Air
BCI	BLUE ISLAND	Blue Islands
BCJ	BLUE BOY	Blue Jet Charters
BCK	BANKCHECK	Priority Aviation Company
BCN	BLUE OCEAN	Ocean Air
BCR	BACKER	British Charter
BCS	POSTMAN	European Air Transport
BCT	BOBCAT	BCT Aviation
BCV	BUSINESS AVIATION	Business Aviation Center
BCY	CITY IRELAND	CityJet
BDA	BLUE DART	Blue Dart Aviation
BDF	BISSAU DISCOVERY	Bissau Discovery Flying Club
BDG	BULLDOG	Mississippi State University
BDM	BANDAMA	Air Bandama
BDN	GAUNTLET	DERA Boscombe Down
BDR	BADR AIR	Badr Airlines
BDS	SOUTH ASIAN	South Asian Airlines
BDV	ABERDAV	Aberdair Aviation
BEA	BEST AIR	Best Aviation Ltd
BED	BELOGORYE	Belgorod Air Enterprise
BEE	JERSEY	Flybe
BEF	BALEAR EXPRESS	Balear Express
BEH	BLUECOPTER	Bel Air Helicopters
BEK	BERKUT	Berkut Air
BEL	BEE LINE	Brussels Airlines
BER	AIR BERLIN	Air Berlin
BES	BIRD EXPRESS	Aero Services Executive
BET	BETA CARGO	BETA - Brazilian Express Transportes Aéreos
BEZ	SEA BREEZE	Kingfisher Air Services
BFC	BASLER	Basler Flight Service
BFF	AIR BAFFIN	Air Baffin
BFG	BEARFLIGHT	Bear Flight
BFL	BUFFALO	Buffalo Airways
BFO	BOMBARDIER	Bombardier
BFR	BURKLINES	Burkina Airlines
BFS	BUSINESS FLIGHT	Business Flight Sweden
BFW	SUMMAN	Bahrain Defence Force
BGA	BELUGA	Airbus Transport International
BGD	AIR BANGLA	Air Bangladesh
BGF	BULGARIAN	Aviodetachment-28
BGG	AERO BG	Aero BG
BGH	BALKAN HOLIDAYS	BH Air
BGI	BRITISH GULF	British Gulf International
BGK	GULF INTER	British Gulf International-Fez
BGL	BENIN GOLF	Benin Golf Air
BGM	BUGAVIA	Bugulma Air Enterprise
BGR	BUDGET AIR	Budget Air Bangladesh
BGT	BERGEN AIR	Bergen Air Transport
BHA	BUDDHA AIR	Buddha Air
BHC	BAHIA	Aerotaxis De La Bahia
BHI	SHARIF	Balkh Airlines
BHK	BLUEHAKIN	Blu Halkin
BHL	BRISTOW	Bristow Helicopters
BHN	BRISTOW HELICOPTERS	Bristow Helicopters Nigeria
BHO	BHOJA	Bhoja Airlines
BHP	BELAIR	Belair Airlines
BHR	BIGHORN AIR	Bighorn Airways
BHS	BAHAMAS	Bahamasair
BHT	BRIGHTAIR	Bright Air
BHV	AVIASPEC	Specavia Air Company
BHY	BOSPHORUS	Bosphorus European Airways
BID	BINAIR	Binair
BIE	MEDITERRANEE	Air Mediterranee
BIG	BIG ISLE	Big Island Air
BIH	BRINTEL	British International Helicopters
BIL	BILAIR	Billund Air Center
BIN	BISON AIR	Boise Interagency Fire Center
BIO	BIOFLIGHT	Bioflight A/S
BIR	BIRD AIR	Bird Leasing
BIS	JUMA AIR	Sky Bishek
BIV	AVIASERVICE	Aviaservice
BIZ	BIZZ	Bizjet Ltd
BJA	BAJA AIR	Baja Air
BJC	BALTIC JET	Baltic Jet Aircompany
BJK	BLACKJACK	Atlantic Airlines
BJS	SOLUTION	Business Jet Solutions
BJT	BAY JET	ACM Aviation
BJU	JET EXPRESS	AeroJet
BJV	BEIJING VISTA	Beijing Vistajet Aviation
BKA	BANKAIR	Bankair
BKF	BAKERFLIGHT	BF-Lento OY
BKJ	BARKEN JET	Barken International
BKK	BLINKAIR	Blink
BKL	BARCOL	Aircompany Barcol
BKP	BANGKOK AIR	Bangkok Airways
BKR	BOX KAR	Civil Air Patrol South Carolina Wing
BKV	BUKOVYNA	Bukovyna
BLA	BLUE AIR	Blue Air
BLB	BLUEBIRD SUDAN	Blue Bird Aviation
BLC	BELLESAVIA	Bellesavia
BLE	BLUE BERRY	Blue Line
BLF	BLUEFIN	Blue1
BLG	BELGAVIA	Belgavia
BLH	BLUE HORIZON	Blue Horizon Travel Club
BLI	BLUELINE	Thyssen Krupp AG
BLJ	BLUEWAY	Blue Jet
BLK	BLUE FLAME	Westcoast Energy
BLL	BALTIC AIRLINES	Baltic Airlines
BLM	BLUE ARMENIA	Blue Sky Airlines
BLN	BIAR	Bali International Air Service
BLR	BLUE RIDGE	Atlantic Coast Airlines
BLS	BEARSKIN	Bearskin Lake Air Service
BLT	BALTAIR	Baltic Aviation
BLU	BLUENOSE	IMP Aviation Services
BLV	BELLVIEW AIRLINES	Bellview Airlines
BLW	BLUESTAR	Wermlandsflyg AB
BLX	BLUESCAN	TUI fly Nordic
BLY	BLARNEY	Starair
BLZ	AEROLOZ	Aero Barloz
BMA	GOSLING	BermudAir
BMD	BRITISH MEDICAL	British Medical Charter
BME	BRIGGS	Briggs Marine Environmental Services
BMH	MASAYU	Bristow Masayu Helicopters
BMI	BABY	Bmibaby
BMJ	BEMIDJI	Bemidji Airlines
BMK	MURAT	GST Aero Aircompany
BML	BISMILLAH	Bismillah Airlines
BMM	ATLAS BLUE	Atlas Blue
BMN	BOWMAN	Bowman Aviation
BMR	MIDLAND	BMI Regional
BMV	OLIGA	Alatau Airlines
BMW	BMW FLIGHT	BMW
BMX	BANXICO	Banco de Mexico
BNA	BUN AIR	Bun Air Corporation
BNB	AEROBANOBRAS	Aero Banobras
BNC	BARNACLE AIR	Sundance Air
BND	BOND	Bond Offshore Helicopters
BNE	BENINA AIR	Benina Air
BNF	BRANIFF	Braniff International Airways
BNG	VECTIS	BN Group Limited
BNI	ALBERNI	Alberni Airways
BNJ	JET BELGIUM	Air Service Liège (ASL)
BNL	NILE TRADING	Blue Nile Ethiopia Trading
BNR	BONAIR	Bonair Aviation
BNS	BANCSTAR	Bancstar - Valley National Corporation
BNT	BENTIU AIR	Bentiu Air Transport
BNV	BENANE	Benane Aviation Corporation
BNW	BRITISH NORTH	British North West Airlines
BNX	AIR BARINAS	LAI - Línea Aérea IAACA
BNZ	AERO BONANZA	Aerolíneas Bonanza
BOA	KUMANOVO	Boniair
BOB	BACKBONE	Backbone A/S
BOC	AEROBONA	Aerobona
BOD	UGABOND	Bond Air Services
BOE	BOEING	Boeing
BOF	BORDAIR	Bordaire
BOI	ABAIR	2GO
BOL	BOL	Transportes Aéreos Bolivianos
BON	AIR BOSNA	B&H Airlines
BOO	BOOKAJET	Bookajet Limited
BOS	MISTRAL	OpenSkies
BOT	BOTSWANA	Air Botswana
BOU	BOURAQ	Bouraq Indonesia Airlines
BOV	BOLIVIANA	Boliviana de Aviación
BOX	GERMAN CARGO	Aerologic
BPA	BLUE PANORAMA	Blue Panorama Airlines
BPH	BLACK PHOENIX	Phoenix Helicopter Academy
BPK	VENERA	Berkhut ZK
BPO	PIROL	Bundespolizei-Fliegertruppe
BPS	BASE	Budapest Aircraft Services/Manx2
BPT	BONUS	Bonus Aviation
BRB	BRA TRANSPAEREOS	BRA-Transportes Aéreos
BRD	BROCK AIR	Brock Air Services
BRE	AVIABREEZE	Breeze Ltd
BRF	AIR BRAVO	Air Bravo
BRG	BERING AIR	Bering Air
BRJ	BORA JET	Borajet
BRK	BRIANSK AVIA	Briansk State Air Enterprise
BRL	BRASD'OR	Air Brasd'or
BRM	BOOMERANG	Air 500
BRN	BRANSON	Branson Airlines
BRO	BROADSWORD	2Excel Aviation
BRP	AEROBRA	AeroBratsk
BRQ	BURAQAIR	El-Buraq Air Transport
BRR	MOUNTAIN AIR	Mountain Air Service
BRS	BRAZILIAN AIR FORCE	Brazilian Air Force
BRT	BRITISH	British Regional Airlines
BRU	BELARUS AVIA	Belavia Belarusian Airlines
BRV	BRAVO	Bravo Air Congo
BRW	BRIGHT SERVICES	Bright Aviation Services
BRX	BUFF EXPRESS	Buffalo Express Airlines
BRY	BURAIR	Burundayavia
BRZ	BERYOZA	Samara Airlines
BSB	ARBAS	Air Wings
BSC	BIG SHOT	Bistair - Fez
BSD	AIRLINES STAR	Blue Star Airlines
BSI	BRASAIR	Brasair Transportes Aéreos
BSJ	SKYBUS JET	Skybus Jet
BSK	BISCAYNE	Miami Air International
BSN	BASTION	Connectair Charters
BSR	BISSAU AIRLINES	Guine Bissaur Airlines
BSS	BISSAU AIRSYSTEM	Bissau Aero Transporte
BST	TUNCA	Best Air
BSW	SKY BLUE	Blue Sky Airways
BSY	BIG SKY	Big Sky Airlines
BTC	BASHKIRIAN	BAL Bashkirian Airlines
BTH	BALTIJAS HELICOPTERS	Baltijas Helicopters
BTI	AIR BALTIC	Air Baltic
BTK	BATIK	Batik Air
BTL	BALTIA	Baltia Air Lines
BTN	BHUTAN AIR	Bhutan Airlines
BTP	NET RAIL	Veritair
BTQ	BOUTIQUE	Boutique Air
BTR	BOTIR AVIA	Botir-Avia
BTS	AEROLINEAS ALBATROS	Aerotaxis Albatros
BTT	BEETEE SLAVUTA	BT-Slavuta
BTU	ROLLS	Rolls-Royce plc
BTV	BATAVIA	Batavia Air
BTZ	BRISTOW	Bristow U.S. LLC
BUB	BOURBON	Air Bourbon
BUC	EUROCHARTER	European Air Charter
BUE	BLUELIGHT	Orebro Aviation
BUL	BLUE AIRLINES	Blue Airlines
BUN	BURAL	Buryat Airlines Aircompany
BUZ	BUZZ	Buzz Stansted
BVA	BUFFALO AIR	Buffalo Airways
BVC	BULGARIAN WINGS	Bulgarian Aeronautical Centre
BVN	SHOW ME	Baron Aviation Services
BVR	BAVARIAN	ACM Air Charter
BVT	BERJAYA	Berjaya Air
BVU	BELLVIEW AIRLINES	Bellview Airlines, Sierra Leone
BVV	SPARC	Spark+
BWA	CARIBBEAN AIRLINES	Caribbean Airlines
BWD	BLUEWEST	Bluewest Helicopters-Greenland
BWG	BLUE WINGS	Blue Wings
BWI	BLUE TAIL	Blue Wing Airlines
BWL	BRITWORLD	British World Airlines
BWY	BROADWAY	Fleet Requirements Air Direction Unit
BXA	BEXAIR	Bahrain Executive Air Services
BXH	PALLISER	Bar XH Air
BXI	XENIA	Brussels Airlines
BXJ	BRIXTEL JET	Brixtel Group
BYA	BERRY	Berry Aviation
BYC	BEIYA	Northern Airlines Sanya
BYE	BAYU	Bayu Indonesia Air
BYF	BAY FLIGHT	San Carlos Flight Center
BYG	BYGONE	Bygone Aviation
BYL	BYLINA	Bylina Joint-Stock Company
BYT	BYTE	Patriot Aviation Limited
BZA	BERLIN BEAR	Bizair Fluggesellschaft
BZD	BLIZZARD	Canadian Global Air Ambulance
BZE	ZENSTAR	Zenith Aviation
BZF	BIZFLEET	Jet Aviation Business Jets
BZH	BRITAIR	Brit Air
BZQ	STING	Seneca Polytechnic
BZS	BINIZA	Aero Biniza
BZY	BREEZY	Fresh Air Aviation
BZZ	BUZZARD	Butane Buzzard Aviation Corporation
CAA	INSPECTOR	Civil Aviation Authority of the Czech Republic
CAB	CHESAPEAKE AIR	Chesapeake Air Service
CAC	CONQUEST AIR	Conquest Airlines
CAD	CHILLIWACKAIR	Chilliwack Aviation
CAE	HUMMINGBIRD	Colibri Aviation
CAG	CHINA NATIONAL	China National Aviation Corporation
CAH	CHARLAN	Charlan Air Charter
CAI	CORENDON	Corendon Airlines
CAJ	CAR LINE	Air Caraibes Atlantique
CAL	DYNASTY	China Airlines
CAM	AIR CAMAI	Camai Air
CAN	CREST	Crest Aviation
CAO	AIRCHINA FREIGHT	Air China Cargo
CAP	CAP	Civil Air Patrol
CAQ	AIR CHESTER	Cityair (Chester) Limited
CAR	QUEBEC ROMEO	Inter RCA
CAS	CHRISTMAN	Christman Air System
CAT	AIRCAT	Copenhagen Air Taxi
CAV	CALM AIR	Calm Air
CAW	COMMERCIAL	Comair
CAX	CENTRAL EXPRESS	Central Air Express
CAY	CAYMAN	Cayman Airways
CAZ	EUROCAT	Cat Aviation
CBA	CALIBRA	Civil Aviation Inspectorate of the Czech Republic
CBB	CHEBAIR	Cheboksary Airenterprise JSC
CBD	CATBIRD	Lockheed Martin Aeronautics
CBE	AEROCARIBE	Aerovías Caribe
CBF	CHINA NORTHERN	China Northern Airlines
CBH	CLUB HOUSE	Corporate Eagle Management Services
CBI	CABI	Cabi
CBJ	CAPITAL JET	Beijing Capital Airlines
CBL	CUMBERLAND	Cumberland Airways (Nicholson Air Service)
CBM	BLUE MAX	Cherokee Express
CBN	CALIBRATION	Swedish Civil Aviation Administration
CBO	TAXI CABO	Aerotaxi del Cabo
CBR	CABAIR	Cabair College of Air Training
CBS	AIR COLUMBUS	Air Columbus
CBT	CATALINA AIR	Catalina Flying Boats
CBV	CABOAEREO	Aereo Cabo
CBY	TYPHOON	RAF Coningsby
CCA	AIR CHINA	Air China
CCB	DOLPHIN	Caricom Airways
CCD	XIANGJIAN	Dalian Airlines
CCF	TOMCAT	CCF Manager Airline
CCH	CHILCHOTA	Chilchota Taxi Aéreo
CCI	CAPPY	Capital Cargo International Airlines
CCK	CABLE CHECK	Flight Trac
CCL	ANGKOR WAT	Cambodia Airlines
CCM	CORSICA	Corse Méditerranée
CCP	CHAMPION AIR	Champion Air
CCQ	CAP CITY	Capital City Air Carriers
CCT	CONNECT	Connect Air
CCV	HELICORPORATIVO	Centro De Helicopteros Corporativos
CCW	CENTRAL CHARTER	Central Charter
CCY	CHERRY	Cherry Air
CDA	CARDAL	Aerocardal
CDC	HUALONG	Zhejiang Loong Airlines
CDE	COMEX	Comed Group
CDG	SHANDONG	Shandong Airlines
CDI	CARDS	Cards Air Services
CDL	CAROLINA	Sunbird Airlines
CDM	CARGA AEREA	Carga Aérea Dominicana
CDN	CANADIAN	Canadian Helicopters
CDP	CONDOR PERU	Aero Condor Peru
CDR	CANADIAN REGIONAL	Canadian Regional Airlines
CDS	SPECDAS	Spectrem Air
CDT	AEROREUS	Real Aero Club de Reus-Costa Dorado
CDV	SKOL	Airline Skol
CDY	CADDY	Heliaviation Limited
CEA	CORP X	RegionsAir
CEB	CEBU	Cebu Pacific
CEC	CELTAIR	Celtic Airways
CED	CEDTA	CEDTA (Compañía Ecuatoriana De Transportes Aéreos)
CEE	CENTRA AEREOS	Servicios Aéreos Centrales
CEF	CZECH AIR FORCE	Czech Air Force
CEG	CEGA	Cega Aviation
CEM	CENTRAL MONGOLIA	Central Mongolia Airways
CEP	CHIPOLA	Chipola Aviation
CER	CETRACA	Cetraca Aviation Service
CES	CHINA EASTERN	China Eastern Airlines
CET	CENTRAFRICAIN	Centrafrican Airlines
CEV	CENTEV	Centre d'Essais en Vol
CEX	CAPITOL EXPRESS	Capitol Air Express
CFA	FEILONG	China Flying Dragon Aviation
CFB	FOREBASE	Chongqing Forebase General Aviation
CFC	CANFORCE	Canadian Forces
CFD	AERONAUT	Cranfield University
CFE	FLYER	BA CityFlyer
CFF	AEROFAN	Aerofan
CFG	CONDOR	Condor Flugdienst
CFH	CARE FLIGHT	CareFlight
CFI	CHINA JET	Flight Inspection Center of the General Administration of Civil Aviation in China
CFJ	FUJIAN	Fujian Airlines
CFL	SWEDISH	Swedish Airlines
CFM	ACEF	ACEF
CFN	CHURCH FENTON	RAF Church Fenton
CFS	EMPIRE AIR	Empire Airlines
CFT	CASPER FREIGHT	Jet Freighters
CFU	MINAIR	United Kingdom Civil Aviation Authority
CFV	CALAFIA	Aero Calafia
CFZ	ZHONGFEI	Zhongfei General Aviation
CGA	CONGRESSIONAL	Congressional Air
CGB	CARGO BELIZE	Air Cargo Belize
CGC	CAL GULF	Cal Gulf Aviation
CGE	COLLEGE	Nelson Aviation College
CGG	CHARGE	Walmart Aviation
CGH	GUIZHOU	Guizhou Airlines
CGI	CGI RUSAIR	Rusair JSAC
CGK	CLICK AIR	Click Airways
CGL	SEAGLE	Seagle Air
CGM	HOTEL CHARLIE	Cargoman
CGN	CHANGAN	Chang An Airlines
CGO	WILD ONION	Chicago Air
CGR	COMPRIP	Compagnia Generale Ripreseaeree
CGS	GEO CENTRE	Centre of Applied Geodynamica
CGU	CHINGUETTI	Chinguetti Airlines
CGV	CLUBE ALGARVE	Aero Clube Do Algarve
CGW	CHANGCHENG	Air Great Wall
CGX	COASTGUARD AUXAIR	United States Coast Guard Auxiliary
CHA	CHARTER CENTRAL	Central Flying Service
CHB	WEST CHINA	West Air (China)
CHC	CHINA HELICOPTER	China Ocean Helicopter Corporation
CHD	CHKALOVSK AVIA	223rd Flight Unit
CHE	CHECK AIR	Top Flight Air Service
CHF	CHITA	Chitaavia
CHG	CHALLENGE	Challenge Airlines BE
CHH	HAINAN	Hainan Airlines
CHI	COUGAR	Cougar Helicopters
CHJ	AIR CHAIKA	Aircompany Chaika
CHK	CHALKS	Chalk's International Airlines
CHL	COHLMIA	Cohlmia Aviation
CHN	CHANNEL	Channel Island Aviation
CHO	CHROME AIR	Chrome Air Services
CHP	AVIACSA	Aviacsa
CHQ	CHAUTAUQUA	Chautauqua Airlines
CHR	ZAIRE CHARTER	Air Charter Services
CHS	CHALLENGE AVIATION	Challenge Aviation
CHU	CHURCHAIR	Church Aircraft
CHV	CHARTAIR	Air Charter Professionals
CHW	CHARTER WIEN	Charter Air
CHZ	CHERL	Cherline
CIA	CALIMERA	Civil Aviation Authority
CIB	CONDOR BERLIN	Condor
CIC	AIR TRADER	ICC Canada
CID	ACID	Asia Continental Airlines
CIE	CZECH REPUBLIC	Czech Government Flying Service
CIG	SIRIUS AERO	Sirius-Aero
CII	CITYFLY	Cityfly
CIK	COUNTRY AIR	Country International Airlines
CIL	CECIL	Cecil Aviation
CIM	CIMBER	Cimber Sterling
CIN	CINNAMON	Cinnamon Air
CIO	CIOCCO	Il Ciocco International Travel Service
CIR	AIR ARCTIC	Arctic Circle Air Service
CIT	ZANE	Zanesville Aviation
CIU	CIELOS	Cielos Airlines
CIV	CIVAIR	Civil Aviation Authority of New Zealand
CIW	CIVFLIGHT	Civair Airways
CIX	CONNEXION	City Connexion Airlines
CJA	CANJET	CanJet
CJC	COLGAN	Colgan Air
CJE	BIRD JET	Aeroservices Corporate
CJG	ZHEJIANG	Zhejiang Airlines
CJI	SEA JET	Corporate Jets
CJL	JETBUS	Canada Jetlines
CJR	CAVERTON AIR	Caverton Helicopters
CJS	COMMONWEALTH	Commonwealth Jet Service
CJT	CARGOJET	Cargojet Airways
CJZ	CALIBER JET	Caliber Jet
CKA	COOK AIR	Cook Inlet Aviation
CKE	CHECKMATE	Corporate Aviation Services
CKK	CARGO KING	China Cargo Airlines
CKL	CIRCLE CITY	Aviation Charter Services
CKM	COSMOS	BKS Air (Rivaflecha)
CKR	CROWN AIR	Crown Air Systems
CKS	CONNIE	Kalitta Air
CLA	COMLUX	Comlux Aviation
CLB	CALIBRATOR	Flight Precision Limited
CLD	CLOWES	Clowes Estates Limited
CLE	COLEMILL	Colemill Enterprises
CLF	CLIFTON	Bristol Flying Centre
CLG	CHALLAIR	Chalair Aviation
CLH	HANSALINE	Lufthansa CityLine
CLI	CLICKJET	Clickair
CLK	CLARKAIR	Clark Aviation
CLL	AEROCASTILLO	Aerovías Castillo
CLM	CARGO LINK	Cargo Link (Caribbean)
CLN	SEELINE	Barnes Olsen Aeroleasing
CLP	CLUB PORTUGAL	Aero Club De Portugal
CLR	CLINTON AIRWAYS	Trans America
CLS	AIRISTO	Challenge Air Transport
CLT	CARIBBEAN	Caribbean Air Transport
CLU	CAROLUS	Triple Alpha
CLV	AEROTRAINING	Lom Praha Flying School
CLW	CENTRALWINGS	Centralwings
CLX	CARGOLUX	Cargolux
CLY	CLAY LACY	Clay Lacy Aviation
CLZ	CLOUDLINE	Cloud 9 Air Charters
CMA	FRENCH CARGO	CMA-CGM AIRCARGO
CME	COMET	Prince Edward Air
CMF	COMPASSION	Air Care Alliance
CMG	SUNSPY	Comet Airlines
CMH	COMMODORE	Commair Aviation
CMI	AIR MIKE	Continental Micronesia
CMJ	MUDANJIANG	Mudanjiang General Aviation
CMK	CHERAVIA	Chernomor-Avia
CML	COMMANDAIR	Commander Air Charter
CMM	CAMALI	Compagnie Aérienne du Mali
CMN	CIMMARON AIRE	Eckles Aircraft
CMP	COPA	Copa Airlines
CMR	CAMEO	CAM Air Management
CMS	ACCESS	Commercial Aviation
CMT	CASEMENT	Casement Aviation
CMU	LANNA AIR	Northern Aviation Service
CMV	CALIMA	Calima Aviación
CMX	EL CAMINANTE	El Caminante Taxi Aéreo
CMY	CAPE SMYTHE AIR	Cape Smythe Air
CMZ	CEE EM STAIRS	CM Stair
CNB	CITYHUN	Cityline Hungary
CNC	CENCOR	Corporación Aéreo Cencor
CND	DUTCH CORENDON	Corendon Dutch Airlines
CNE	CONNECTOR	Air Toronto
CNG	SID AIR	Coastal Airways
CNH	CHENANGO	Aquila Air
CNI	SERAER	Empresa Nacional De Servicios Aéreos
CNJ	NINGHANG	Nanjing Airlines
CNK	CHINOOK	Sunwest Home Aviation
CNL	WYO AIR	Centennial Airlines
CNM	MENGYUAN	Air China Inner Mongolia
CNO	SCANOR	SAS Braathens
CNR	CONAERO	Condor Aero Services
CNS	CHRONOS	Cobalt Air LLC
CNT	KNET	Centre national d'études des télécommunications - C.N.E.T.
CNU	AIR CONSUL	Air Consul
CNV	CONVOY	U.S. Navy Reserve Logistic Air Forces
CNW	CHINA NORTHWEST	China Northwest Airlines
CNX	CANEX	AllCanada Express
CNY	CENTRAL LEONE	Central Airways
COA	CONTINENTAL	Continental Airlines
COD	CONCORDAVIA	Concordavia
COF	CONFORT	Confort Air
COH	COLT	RAF Coltishall
COM	COMAIR	Comair
CON	CONOCO	Continental Oil
COO	CORPORATE	Corporate Airlink
COP	COPPER STATE	Copper State Air Service
COT	COTTESMORE	RAF Cottesmore
COV	HELICENTRE	Helicentre Coventry
COW	COWI	COWI
COY	COYNE AIR	Coyne Aviation
COZ	COSMIC AIR	Cosmic Air
CPA	CATHAY	Cathay Pacific
CPB	PENTA	Corpac Canada
CPC	EMPRESS	Canadian Pacific Airlines
CPD	CAPITAL DELTA	Capital Airlines
CPF	TECHSERVICE	Airtechservice
CPG	CORPORANG	Corporacion Aeroangeles
CPH	CHAMPAGNE	Champagne Airlines
CPI	AIRCAI	Compagnia Aeronautica Italiana
CPJ	CORPJET	Baltimore Air Transport
CPL	CHAPARRAL	Chaparral Airlines
CPN	CASPIAN	Caspian Airlines
CPO	MOKAN	Corporate Aircraft Company
CPR	CORPAIR	Corporate Air
CPS	COMPASS	Compass International Airways
CPT	AIR SPUR	Corporate Air
CPV	AIRCORPORATE	Air Corporate
CPW	CHIPPEWA AIR	Chippewa Air Commuter
CPX	CAPAIR	Capital Air Service
CPZ	COMPASS ROSE	Compass Airlines
CQH	AIR SPRING	Spring Airlines
CQN	CHONG QING	Chongqing Airlines
CRA	CORAL	Coronado Aerolíneas
CRB	CARIBBEAN COMMUTER	Caricom Airways
CRC	CONAIR CANADA	Conair Aviation
CRD	AIR CORRIDOR	Air Corridor
CRE	CREE AIR	Cree Airways
CRF	CROIX ROUGE	Croix Rouge Francais
CRG	WHITE PELICAN	Cargoitalia
CRH	HELI MEX	CRI Helicopters Mexico
CRJ	AIR CRUZAL	Air Cruzal
CRK	BAUHINIA	Hong Kong Airlines
CRL	CORSAIR	Corsairfly
CRM	COMMANDERMEX	Commander Mexicana
CRN	CARSON	Carson Air Ltd
CRO	CROWN AIRWAYS	Crown Airways
CRP	AEROTRANSCORP	Aerotransportes Corporativos
CRQ	CREE	Air Creebec
CRR	CARRANZA	Carranza
CRS	COMERCIAL AEREA	Comercial Aérea
CRT	CARIBINTAIR	Caribintair
CRV	CARGOIV	Cargo Ivoire
CRW	REGAL	Crownair
CRX	CROSSAIR	Cross Aviation
CRY	CARRIERS	Primavia Limited
CSA	CSA LINES	Czech Airlines
CSC	SI CHUAN	Sichuan Airlines
CSD	DELIVERY	Courier Services
CSE	OXFORD	CSE Aviation
CSF	CALEDONIAN	Clasair
CSH	SHANGHAI AIR	Shanghai Airlines
CSI	SKYPORT	Central Skyport
CSJ	CASTLE	Castle Aviation
CSK	CASCADE	Flightcraft
CSL	CALIFORNIA SHUTTLE	California Air Shuttle
CSM	LORRY	Ratkhan Air
CSN	CHINA SOUTHERN	China Southern Airlines
CSO	CASAIR	Casino Airline
CSP	CASPER AIR	Casper Air Service
CSQ	CHASQUI	IBC Airways
CSS	SHUN FENG	SF Airlines
CST	COAST CENTER	Coast Air
CSU	CHARI SERVICE	Chari Aviation Services
CSV	COASTAL TRAVEL	Coastal Travels
CSW	SILKITALIA	SW Italia
CSX	CHOICE AIR	Choice Airways
CSY	SHUANGYANG	Shuangyang General Aviation
CSZ	SHENZHEN AIR	Shenzhen Airlines
CTA	CHAR TRAN	Aero Charter and Transport
CTD	AEROCORPORATIVOS	Aerocorporativos
CTE	TENGLONG	Air Tenglong
CTF	CUTTER FLIGHT	Cutter Aviation
CTG	CANADIAN COAST GUARD	Canadian Coast Guard
CTH	TONGHANG	China General Aviation Corporation
CTK	COSTOCK	East Midlands Helicopters
CTL	CENTRAL COMMUTER	Central Airlines
CTM	COTAM	Commandement Du Transport Aerien Militaire Francais
CTN	CROATIA	Croatia Airlines
CTP	CORTAS	Tashkent Aircraft Production Corporation
CTQ	CITYLINK	CTK Network Aviation
CTR	CENTAURO	Aerolíneas Centauro
CTS	CENTER SOUTH	Center-South
CTT	CATT	Custom Air Transport
CTV	ARE AVIACION	Escuela De Pilotos Are Aviación
CTW	THIRD CARGO	Cargo Three
CTY	CENTURY	Cryderman Air Service
CTZ	CATA	CATA Línea Aérea
CUA	LIANHANG	China United Airlines
CUB	CUBANA	Cubana de Aviación
CUH	LOULAN	Urumqi Airlines
CUI	CAN AIR	Cancun Air
CUK	CHUKKA	Polo Aviation
CUO	CUAHONTE	Aerocuahonte
CUT	COURT AIR	Court Helicopters
CVA	CHATHAM	Air Chathams
CVC	AVIACENTRE	Centre-Avia
CVE	KABEX	Cabo Verde Express
CVF	CLOVERLEAF	Dassault Falcon Jet Corporation
CVG	CARILL	Carill Aviation
CVK	CARGO LINE	CAVOK Airlines
CVL	COVAL	Coval Air
CVO	CENTERVOL	Center Vol
CVR	CHEVRON	Chevron U.S.A
CVT	CVETA	Peran
CVU	CANYON VIEW	Grand Canyon Airlines
CVV	COMERAVIA	Comeravia
CWA	CANADIAN WESTERN	Canadian Western Airlines
CWC	CHALLENGE CARGO	Centurion Air Cargo
CWD	AMBASSADOR	Caernarfon Airworld
CWE	CELTIC	Celtic West
CWH	WARPLANE HERITAGE	Canadian Warplane Heritage Museum
CWK	CONTICOM	Comores Airlines
CWL	CRANWELL	RAF Cranwell
CWM	AIR MARSHALLS	Air Marshall Islands
CWN	CAMBRIAN	Cardiff Wales Flying Club
CWP	COASTWATCH	Australian Customs Service
CWR	CITY WORLD	Beijing City International Jet
CWT	TEXAS AIRWAYS	Texas Airways
CWU	WUHAN AIR	Wuhan Airlines
CWW	CANAIR	Canair
CWX	CROW EXPRESS	Crow Executive Air
CWY	CAUSEWAY	Woodgate Aviation
CWZ	CAPWINGS	Capitol Wings Airline
CXA	XIAMEN AIR	Xiamen Airlines
CXB	STARLUX	Comlux Aruba
CXE	CAICOS	Caicos Express Airways
CXH	XINHUA	China Xinhua Airlines
CXI	TOURIST	Corendon Airlines Europe
CXJ	XINJIANG	Xinjiang Airlines
CXN	CHINA SOUTHWEST	China Southwest Airlines
CXO	CONROE AIR	Conroe Aviation Services
CXS	CLIPPER CONNECTION	Boston-Maine Airways
CYA	CHEYENNE AIR	Cheyenne Airways
CYC	CYPRAIR	Cyprair Tours
CYD	CYCLONE	AccessAir
CYE	AEROCHEYENNE	Aerocheyenne
CYF	COMPANY FLIGHT	Company Flight
CYG	VICAIR	Yana Airlines
CYH	YUHAO	China Southern Airlines Henan
CYL	CITYLINER	Air One Cityliner
CYN	ZHONGYUAN	Zhongyuan Aviation
CYO	COYOTE	Air Transport
CYP	CYPRUS	Cyprus Airways
CYS	SKYBIRD	Cypress Airlines
CYT	CRYSTAL AIR	Crystal Shamrock Airlines
CYZ	CHINA POST	China Postal Airlines
DAA	DECUR	Decatur Aviation
DAC	DACO	McDonnell Douglas
DAD	DORADO AIR	Dorado Air
DAE	YELLOW	DHL Aero Expreso
DAF	DANISH AIRFORCE	Danish Air Force
DAG	DAGAL	Dagestan Airlines
DAH	AIR ALGERIE	Air Algérie
DAL	DELTA	Delta Air Lines
DAM	FLIGHT RESCUE	Kyrgyzstan Department of Aviation
DAN	MAERSKAIR	Maersk Air
DAO	DALO AIRLINES	Daallo Airlines
DAP	DAP	Aerovías DAP
DAR	DANISH ARMY	Danish Army
DAS	AIRDAM	Damascene Airways
DAT	DAUNTLESS	Lynx Air
DAU	DAUAIR	Dauair
DAV	DANA AIR	Dornier Aviation Nigeria
DAY	DAYA	Daya Aviation
DBA	DOUBLE A	Air Alpha
DBC	DIAMOND BACK	Gemini Air Group
DBD	AIR NIAGARA	Air Niagara Express
DBJ	DUCHESS	Duchess of Brittany (Jersey) Limited
DBK	SEAGULL	Dubrovnik Air
DBR	DOBROLET	Dobrolet
DCA	DREAM CATCHER	Dreamcatcher Airways
DCC	CARICARGO	Caribbean Air Cargo
DCE	DUTCH CARIBBEAN	Dutch Caribbean Express
DCL	DON CARLOS	Transportes Aéreos Don Carlos
DCM	DOT COM	FLTPLAN (anonymized service)
DCN	DIPLOMATIC CLEARANCE	Federal Armed Forces
DCS	TWIN STAR	DC Aviation
DCV	DISCOVER	Discover Air
DCX	DAIMLER	Daimler-Chrysler
DDA	DUSTY	D & D Aviation
DDS	ADDIS LINE	Addis Airlines
DEA	JET SERVICE	Delta Aerotaxi
DEE	TACAIR	Dixie Airways
DEF	TIRPA	Aviation Defense Service
DEG	DEGGER	Air Service Groningen
DEL	RED TAIL	Carib Aviation
DES	DESTINA	Servicios Aereos Especializados Destina
DET	SAMAL	DETA Air
DEV	RED DEVILS	Red Devils Parachute Display Team
DFA	AERO COACH	Aero Coach Aviation
DFS	DWYAIR	Dwyer Aircraft Services
DGA	YELLOW RIVER	Yellow River Delta General Aviation
DGO	DGO JET	DGO Jet
DGT	DIGITAL	Digital Equipment Corporation
DGX	DASNA	Dasnair
DHC	DEHAVILLAND	De Havilland
DHE	HELIDAP	DAP Helicopteros
DHI	ADAM SKY	Adam Air
DHK	WORLD EXPRESS	DHL Air Limited
DHL	D H L	Astar Air Cargo
DHM	ARCHER	Archer Aviation
DHV	WORLDSTAR	DHL Aviation
DHX	DILMUN	DHL International
DIA	BLUE SKY	Direct Air
DIC	AEROMEDICA	Aeromedica
DIN	AERODIN	Aerodin
DIP	DIPFREIGHT	Diplomatic Freight Services
DIR	DIRGANTARA	Dirgantara Air Service
DIS	DI AIR	Di Air
DIX	DIX FLIGHT	Dix Aviation
DJA	ANTINEA	Antinea Airlines
DJE	DURANGO JET	Durango Jet
DJR	DESERT FLIGHT	Desert Jet
DJS	DAYJET	DayJet
DJT	DENVER JET	Denver Jet
DJU	AIR DJIB	Air Djibouti
DKE	DUKE	Jubilee Airways
DKH	AIR JUNEYAO	Juneyao Airlines
DKN	DECCAN	Deccan Charters
DKT	DAKOTA	Sioux Falls Aviation
DKY	DAKOY	Servicios Aéreos Elite
DLA	DOLOMITI	Air Dolomiti
DLC	SOARCOPTER	Dehong South Asian General Aviation
DLH	LUFTHANSA	Lufthansa
DLI	DELTA EXPRESS	Delta Express International
DLK	DEKKANLANKA	Millennium Airlines
DLR	DALA AIR	Dala Air Services
DLS	AEROMODELO	Aero Modelo
DLU	DEL SUR	Aerolíneas del Sur
DMC	DINAMICAMONT	Aerodinamica de Monterrey
DMD	DIAMONDJET	Namdeb Diamond Corporation
DMF	DEMLY	DMCFLY
DMI	AERODINAMICO	Aeroservicios Dinamicos
DMJ	DAMOJH	Global Air
DMO	DOMODEDOVO	Domodedovo Airlines
DNA	AERODESPACHOS	Aerodespachos de El Salvador
DNC	FLYINGOLIVE	Aerodynamics Málaga
DND	DINDER	Eldinder Aviation
DNI	AERO DENIM	Servicios Aéreos Denim
DNJ	DYNAJET	Aerodynamics Incorporated
DNK	DIRECT JET	D&K Aviation
DNL	DUTCH ANTILLES	Dutch Antilles Express
DNM	DENIM	Denim Air
DNR	DYNAMAIR	Dynamair Aviation
DNU	DANU	Danu Oro Transportas
DNV	DONAVIA	Donavia
DNY	DANISH NAVY	Danish Navy
DOA	DOMINICANA	Dominicana de Aviación
DOC	HELIDOC	Norsk Luftambulanse
DOI	INTERIOR	U.S. Department of the Interior
DOJ	JUSTICE	Justice Prisoner Air Transportation System
DOM	DOS MUNDOS	Dos Mundos
DON	DONAIR	Donair Flying Club
DOP	DANCOPTER	Dancopter
DOR	DORNIER	Dornier
DOT	DOT TEL	Telnic Limited
DPJ	JET CARD	Delta Private Jets
DPL	DOME	Dome Petroleum
DQA	ISLAND AVIATION	Maldivian
DRB	DIDIER	Didier Rousset Buy
DRC	TRITON AIR	Triton Airlines
DRD	AEREO DORADO	Aereo Dorado
DRE	MICHIGAN	Drummond Island Air
DRK	ROYAL BHUTAN	Druk Air
DRL	DRILLER	Omni Air Transport
DRM	DARTMOOR	Airways Flight Training
DRN	DISCOS REYNOSA	Central De Discos De Reynosa
DRO	AERONORESTE	Aeronaves Del Noreste
DRT	DARTA	Darta
DRU	MIRNY	Alrosa Air Company
DRY	DERAYA	Deraya Air Taxi
DSA	DANBURY AIRWAYS	Danbury Airways
DSC	ADDIS CARGO	Addis Air Cargo Services
DSH	DASH CHARTER	Dash Air Charter
DSK	SKYBANNER	Aero Algarve
DSL	DIESEL	Meridian Aviation
DSM	LAN AR	LATAM Argentina
DSN	DESNA	DESNA
DSO	DASSAULT	Dassault Falcon Service
DSQ	DASAB AIR	Dasab Airlines
DSR	DAIRAIR	DAS Air Cargo
DST	DESERT	Aex Air
DSU	DELTA STATE	Delta State University
DTA	DTA	TAAG Angola Airlines
DTH	TASSILI AIR	Tassili Airlines
DTN	DATA AIR	Data International
DTR	DANISH	DAT Danish Air Transport
DTV	DUTCH VALLEY	Centre Airlines
DTY	DESTINY	Destiny Air Services
DUB	DUBAI	Dubai Airwing
DUK	LION KING	Ducair
DUN	DUNAIR	Dun'Air
DUO	FLY DUO	Duo Airways
DVA	DISCOVERY AIRWAYS	Discovery Airways
DVB	DONSEBAI	Don Avia
DVI	AERO DAVINCI	Aerodavinci
DWI	ARAJET	Arajet
DWN	DAWN AIR	Dawn Air
DWR	DELAWARE	Delaware Skyways
DWT	DARWIN	Darwin Airline
DWW	DON JUAN	Jet Courier Service
DXH	EAST STAR	East Star Airlines
DXP	DALLAS EXPRESS	Dallas Express Airlines
DYA	DYNAMIC AIR	Dynamic Airways
DYE	DYNAMIC	Dynamic Air
DYN	AERODYNAMICS	California Pacific Airlines
DZR	DOZER	Midwest Aviation
EAB	SWISS EAGLE	Swiss Eagle
EAC	EXECAIR	Executive Air Charter
EAD	AERO ESCOLA	Escola De Aviacao Aerocondor
EAE	AECA	Aeroservicios Ecuatorianos
EAF	EUROCHARTER	European Aviation Air Charter
EAG	EAGLE	Eagle Airways
EAH	EASTERN	Baltimore Airways
EAI	GEMSTONE	Emerald Airlines
EAK	EAKAZ	Euro-Asia Air
EAL	STAR WING	European Air Express
EAM	EMBASSY AIR	Embassy Airlines
EAN	NIGERIA EXPRESS	Skypower Express Airways
EAP	AERO PYRENEES	Aero-Pyrenees
EAQ	EASTERN	Eastern Australia Airlines
EAR	EJECUTIVO AEREO	Transporte Ejecutivo Aéreo
EAT	TRANS EUROPE	Air – Transport Europe
EAV	MAYFLOWER	Eagle Airlines Luftverkehrsges
EAX	EASTEX	Eastern Air Executive
EAY	REVAL	Aero Airlines
EAZ	EASAIR	Eastern Air
EBA	BOND AVIATION	Bond Aviation
EBC	CALIXJET	Aero Ejecutivo De Baja California
EBE	MINEBEA	Minebea Technologies
EBF	SKYRUNNER	MSR Flug-Charter
EBG	EUROSENSE	Eurosense
ECA	EUROCYPRIA	Eurocypria Airlines
ECB	COASTAL CLIPPER	European Coastal Airlines
ECC	ECLAIR	Eclair Aviation
ECD	ECOTOUR	Ecotour
ECE	AIRCITY	Air City
ECF	EUROCOPTER	Eurocopter
ECG	EJECTUIVOS RCG	Aero Ejecutivos RCG
ECI	EASTERN CAROLINA	Eastern Carolina Aviation
ECJ	EASTCOAST JET	East Coast Jets
ECL	AERO CASTELLANA	Aeronáutica Castellana
ECM	AERO COMERCIALES	Aerolíneas Comerciales
ECN	EURO CONTINENTAL	Euro Continental AIE
ECQ	SKYBRIDGE	Eco Air
ECS	ECHO	Executive Aircraft Charter and Charter Services
ECT	EASTWAY	East Coast Airways
ECU	ECUAVIA	Ecuavia
ECV	EQUATOGUINEA	Ecuatoguineana De Aviación (EGA)
ECX	AIR ECOMEX	Ecomex Air Cargo
ECY	ECHELON	Euroceltic Airways
EDA	ANDES	Aerolineas Nacionales Del Ecuador
EDC	SALTIRE	Air Charter Scotland
EDD	LINEAS DURANGO	Líneas Aéreas Ejectuivas De Durango
EDJ	EDWARDS	Edwards Jet Center of Montana
EDL	POLICE EDELWEISS	Polizeihubschrauberstaffel Bayern
EDO	ELIDOLOMITI	Elidolomiti
EDR	ELDORADRO	Líneas Aéreas Eldorado
EDV	ENDEAVOR	Endeavor Air
EDW	EDELWEISS	Edelweiss Air
EDY	SOLWAY	Apollo Air Services
EEA	ECUATORIANA	Empresa Ecuatoriana De Aviación
EEF	ESTONIAN AIR FORCE	Estonian Air Force
EET	AESTE	Air Este
EEU	EUROFLY	Eurofly Service
EEZ	E FLY	Eurofly
EFC	FLIGHT TAXI	Air Mana
EFD	EVER FLIGHT	Eisele Flugdienst
EFG	ELIFRIULIA	Elifriulia
EFL	FLYING EAGLE	Eagle Air
EFS	EFAOS	EFAOS- Agencia De Viagens e Turismo
EFT	EMBASSY FREIGHT	Embassy Freight Company
EFW	GRIFFIN	BA Euroflyer
EGF	EAGLE FLIGHT	American Eagle Airlines
EGJ	EAGLE JET	Eagle Jet Charter
EGL	PRESTIGE	Capital Trading Aviation
EGN	FRENCH EAGLE	Eagle Aviation France
EGO	GAUTENG	Gauteng Air Cargo
EGR	EAGLE SIERRA	Eagle Air
EGU	AFRICAN EAGLE	Eagle Air
EGV	GLEISNER	Enrique Gleisner Vivanco
EGX	THAI EAGLE	Eagle Air Company
EHA	AIRE HAMPTON	East Hampton Aire
EHD	PLATINUM AIR	E H Darby Aviation
EHR	ROTOR	Valfell-Verkflug
EIA	EVERGREEN	Evergreen International Airlines
EIC	EXCARGO	Express International Cargo
EIJ	EFATA	Efata Papua Airlines
EIN	SHAMROCK	Aer Lingus
EIR	EIRJET	Eirjet
EIS	COOL	EIS Aircraft
EIX	AIR EXPORTS	Ei Air Exports
EJA	EXECJET	NetJets
EJC	GRUPOEJECUTIVA	Grupo De Aviación Ejecutiva
EJD	ELITE DUBAI	Elite Jets
EJM	JET SPEED	Executive Jet Management
EJO	MIDJET	Execujet Middle East
EJP	EJECCORPORATIVOS	Aeroservicios Ejecutivos Corporativos
EJS	EEJAY SERVICE	Eurojet Servis
EJT	ECLIPSE JET	Eclipse Aviation
EJU	ALPINE	easyJet Europe
EJV	EJECUTIVA	Compania Ejecutiva
EKA	EQUAFLIGHT	Equaflight Service
EKC	BLUE GOOSE	East Kansas City Aviation
ELB	ELLINAIR HELLAS	Ellinair
ELG	ALPI EAGLES	Alpi Eagles
ELH	LARIO	Elilario Italia
ELJ	ELITE JET	Delta Private Jets
ELL	ESTONIAN	Estonian Air
ELM	CRELAM	Crelam
ELN	ELERON	Eleron Aviation Company
ELO	EUROLOT	Eurolot
ELS	EL SAL	El Sal Air
ELT	ELLIOT	Elliott Aviation
ELU	EGYPTIAN LEISURE	Egyptian Leisure Airlines
ELV	AEREOS SELVA	Transportes Aéreos Nacionales De Selva Tans
ELW	YELLOW WINGS	Yellow Wings Air Services
ELX	ELAN	Elan Express
ELY	ELAL	El Al Israel Airlines
EMB	EMBRAER	Empresa Brasileira De Aeronáutica
EMD	EAGLEMED	Eaglemed (Ballard Aviation)
EME	EMAIR	Eastern Metro Express
EMI	BLUE SHUTTLE	Premium Air Shuttle
EMN	AGENCY	Examiner Training Agency
EMP	EMPIRE	Empire Air Service
EMR	ZENMOUR	Zenmour Airlines
EMS	SERVIEMPRESARIAL	Aero Servicios Empresariales
EMT	EMETEBE	Emetebe
EMU	EAST ASIA	East Asia Airlines
EMX	EUROMANX	Euromanx Airways
ENA	ENA	Dirección General de Aviación Civil y Telecomunicasciones
ENC	ENDECOTS	Endecots
END	ARRENDADORA	Arrendadora y Transportadora Aérea
ENI	ENIMEX	Enimex
ENK	ENKOR	Enkor JSC
ENS	ENTERGY SHUTTLE	Entergy Services
ENT	ENTER	Enter Air
ENV	ENDEAVOUR	Victoria Aviation
ENW	AERONOR	Aeronaves Del Noroeste
ENY	ENVOY	Envoy Air
ENZ	ENZO	Jota Aviation
EOA	LOMBARDA	Elilombarda
EOK	AEROHANKUK	Aero K
EOL	EOLE	Airailes
EOM	AERO ERMES	Aero Ermes
EPA	DONGHAI AIR	Donghai Airlines
EPB	EAST PAC	Eastern Pacific Aviation
EPC	ESPACE	Espace Aviation Services
EPE	AEROEMPRESARIAL	Aero Empresarial
EPL	EMPRESARIALES	Aero Transportes Empresariales
EPR	EMPEROR	Express Airways
EPU	ELITACAPULCO	Aero Elite Acapulco
EQC	ECUA CARGO	Ecuatorial Cargo
EQL	EQUATORIAL	Air São Tomé and Príncipe
EQR	ECAIR	Equatorial Congo Airlines
EQZ	ZAMBIA CARGO	Equatair Air Services (Zambia)
ERC	ESSO	Esso Resources Canada
ERE	AIR ERIE	Erie Airways
ERF	ERFOTO	Erfoto
ERG	AVIANERGO	Avianergo
ERH	ERAH	Era Helicopters
ERI	ASERGIO	Aero Servicios Regiomontanos
ERJ	JET ITALIA	Eurojet Italia
ERK	AEROSEC	Aerosec
ERM	EOMAAN	Aeromaan
ERO	ECHO ROMEO	Sun D'Or
ERT	ERITREAN	Eritrean Airlines
ERU	RIDDLE	Embry-Riddle Aeronautical University
ERV	YEREVAN AVIA	Yerevan-Avia
ERX	EARTH AIR	Earth Airlines Services
ESB	AEREOSABA	Aereosaba
ESC	SOLAMERICA	El Sol De América
ESE	ENSENADA ESPECIAL	Ensenada Vuelos Especiales
ESI	ELISERVIZI	ESI Eliservizi Italiani
ESJ	EASTERN SKYJETS	Eastern SkyJets
ESK	RELAX	SkyEurope
ESL	RADUGA	Russian Sky Airlines
ESN	EURO SUN	Euro Sun
ESR	EASTAR	Eastar Jet
ESS	NEW DAWN	Eos Airlines
EST	CARGAINTER	Carga Express Internacional
ESU	ALESUR	Aerolíneas Ejecutivas Del Sureste
ESX	CATFISH	Euroskylink
ESZ	ESPERANZA	Aeronáutica La Esperanza
ETA	ESTRELLAS	Estrellas Del Aire
ETC	TRANATTICO	African Transport Trading and Investment Company
ETD	ETIHAD	Etihad Airways
ETE	AEROSIETE	Aero Siete
ETH	ETHIOPIAN	Ethiopian Airlines
ETI	JETHAWK	H-Bird Aviation Services AB
ETL	ENTEL	Patterson Aviation Company
ETM	ETRAM	Etram Air Wing
ETN	CHIMNIR	Chim-Nir Aviation
ETP	TESTER	Empire Test Pilots' School
ETS	EXTRANS	Flygtransporter I Nykoping
ETV	EURO EXEC	European Executive
EUG	EUROGUINEA	Euroguineana de Aviación
EUJ	UNION JET	EUjet
EUK	GREEN FLIGHT	Aer Lingus UK
EUP	SAVOY	Pan Europeenne Air Service
EUT	FIESTA	European 2000 Airlines
EUU	EUROAMERICAN	Euroamerican Air
EUW	EUROWEST	EFS European Flight Service
EUY	EUROAIRWAYS	EU Airways
EVA	EVA	EVA Air
EVE	EVELOP	Evelop Airlines
EVK	EVERETT	Everett Aviation
EVL	EVOLEM	Evolem Aviation
EVM	SCIENCE	Natural Environment Research Council
EVN	EURAVIATION	Euraviation
EVR	DIANA	Aeronautical Academy of Europe
EVS	EVAS	Exploits Valley Air Services
EVY	MULTIPLE	34 Squadron, Royal Australian Air Force
EWA	EASTWEST	East-West Airlines
EWG	EUROWINGS	Eurowings
EWL	BLACK PEARL	Eurowings Europe
EWR	MAYOTTE AIR	Ewa Air
EWS	WORLD ENTERPRISE	Enterprise World Airways
EWW	EMERY	Emery Worldwide Airlines
EXA	CANADIAN EXECAIRE	Execair Aviation
EXB	BRAZILIAN ARMY	Brazilian Army Aviation
EXC	ECHO EXPRESS	European Executive Express
EXE	EXEC	Executive Flight
EXF	EXIMFLIGHT	Eximflight
EXG	EXCHANGE	Air Exchange
EXH	BATMAN	G5 Executive
EXK	EXECUTIVE EAGLE	Executive Airlines
EXM	EXAM	United Kingdom Civil Aviation Authority
EXN	EXIN	Exin
EXP	ISLAND EXPRESS	Island Air Express
EXR	EXPERTOS ENCARGA	Expertos En Carga
EXS	CHANNEX	Jet2.com
EXT	EXECUTIVE	Nightexpress
EXU	SACAIR	Executive Airlines
EXV	EXPOAVIA	FitsAir
EXW	ECHOLINE	Executive Airlines Services
EXX	EXPRESS INTERNATIONAL	International Air Corporation
EXY	EXPRESSWAYS	South African Express
EXZ	TWIGA	East African Safari Air Express
EYE	SOCKEYE	F.S. Air Service
EZB	EICHENBURGER	Flugschule Eichenberger
EZD	ZEST AIRWAYS	Zest Airways
EZE	EASTFLIGHT	Eastern Airways
EZJ	GUYANA JET	Ezjet GT
EZS	TOPSWISS	easyJet Switzerland
EZX	EAGLEXPRESS	Eagle Express Air Charter
EZY	EASY	easyJet UK
FAB	FIRST AIR	First Air
FAC	FAROECOPTER	Atlantic Helicopters
FAD	AIR FRONTIER	Rog-Air
FAE	WILDGOOSE	Freshaer
FAF	FRENCH AIR FORCE	Force Aerienne Francaise
FAG	FUAER	Argentine Air Force
FAH	BLUE STRIP	Farnair Hungary
FAJ	FIJIAIR	Air Fiji
FAK	FACTS	Financial Airxpress
FAL	FRIENDSHIP	Friendship Air Alaska
FAM	FAASA	Fumigación Aérea Andaluza
FAN	FANBIRD	AF-Air International
FAO	PANTHER	Falcon Air Express
FAP	FAIR SCHOOL	F Air
FAR	FALCAIR	Falcon Air
FAS	FREEDOM AIRWAYS	Freedom Airways
FAT	FARNER	ASL Airlines Switzerland
FAU	FALCON AIRLINE	Falcon Airline
FAV	FAIRAVIA	Fair Aviation
FAW	FALWELL	Falwell Aviation
FAX	FAIRFAX	Midwest Air Freighters
FAY	FAYBAN AIR	Fayban Air Services
FAZ	FLINT AIR	Flint Aviation Services
FBA	FAB AIR	Fab Air
FBF	FINE AIR	Fine Airlines
FBU	FRENCH BEE	French Bee
FBZ	BONDI	Flybondi
FCA	COOPAIR	Fly-Coop Air Service
FCB	NEW AGE	Cobalt
FCC	FIRST CAMBODIA	First Cambodia Airlines
FCE	FLYCOLUMBIA	Flycolumbia
FCI	FAST CHECK	Air Carriers
FCJ	FRACJET	AirSprint US
FCK	NAV CHECKER	FCS Flight Calibration Services
FCL	FLORIDA COASTAL	Florida Coastal Airlines
FCN	FALCON	Falcon Air
FCO	AEROFRISCO	Aerofrisco
FCP	FLIGHTCORP	Nelson Aviation College Ltd
FCR	FLYING CARPET	Flying Carpet Company
FCS	MEXFACTS	Facts Air
FCT	DEALER	Fly CI Limited
FCV	NAVAIR	Flight Centre Victoria
FDA	FUJI DREAM	Fuji Dream Airlines
FDB	SKYDUBAI	Flydubai
FDL	FARMINGDALE STATE	Farmingdale State University
FDN	FLYING DOLPHIN	Dolphin Air
FDO	FRENCH CUSTOM	France Douanes
FDR	FEDAIR	Federal Air
FDS	FLYDOC	African Medical and Research Foundation
FDX	FEDEX	FedEx Express
FDY	FRIENDLY	Sun Air International
FEA	FAR EASTERN	Far Eastern Air Transport
FEC	FALCON EXPRESS	Denver Express
FED	FEDERALES	Líneas Aéreas Federales
FEE	FLY EURO	Fly Europa Limited
FEG	SKY EGYPT	FlyEgypt
FEI	ARCTIC EAGLE	Eagle Air
FEO	FERINCO	Aeroferinco
FER	FERIA	Feria Aviación
FES	AERO ALFE	Aero Taxis Y Servicios Alfe
FET	FREIGHT LINE	Old Dominion Freight Lines
FEX	FLIGHTEXEC	Flightexec
FEY	FLYEASY	Fly Easy
FFA	AVIALESOOKHRANA	Avialesookhrana
FFB	FOXTROT FOXTROT	Africair Service
FFC	FAIROAKS	Fairoaks Flight Centre
FFD	FIRST FLIGHT	Stuttgarter Flugdienst
FFF	INTER FREEDOM	Freedom Air Services
FFG	WITCHCRAFT	Flugdienst Fehlhaber
FFH	PEACE AIR	Shalom Air Services
FFI	INFINIT	Infinit Air
FFL	FOREFLIGHT	ForeFlight
FFM	FIREFLY	Firefly
FFP	FLYING FISH	Fischer Air Polska
FFR	FISCHER	Fischer Air
FFS	FORESTRY	Florida Department of Agriculture
FFT	FRONTIER FLIGHT	Frontier Airlines
FFU	FERRANTI	GEC Marconi Avionics
FFY	FUN FLYING	Fun Flying Thai Air Service
FGA	GEORGIA FED	Georgian Aviation Federation
FGC	FORESTALS	Departament d'Agricultura de la Generalitat de Catalunya
FGE	GEORGIA WING	Fly Georgia
FGL	APPLEWOOD	Futura Gael
FGN	FRANCE GENDARME	National Gendarmerie
FGP	FLYING CENTER	Flying-Research Aerogeophysical Center
FGS	ELITELLINA	Elitellina
FGT	FREIAERO	Aero Freight
FHE	FLYHELLO	Hello
FHL	FINDON	Fast Helicopters
FHS	HELISCOT	Forth and Clyde Helicopter Services
FHY	FREEBIRD AIR	Freebird Airlines
FIA	FIA	FlyOne
FIC	AEROSAFIN	Aerosafin
FIE	ARMRIDER	FlyOne Armenia
FIF	AIR FINLAND	Air Finland
FIH	FINNHEMS	FinnHEMS
FII	FLIGHT CHECKER	Aerodata Flight Inspection
FIL	FLYLINE	Fly Line
FIN	FINNAIR	Finnair
FIR	FIRSTLINE AIR	First Line Air
FIV	FIVE STAR	CitationAir
FIX	AIRFIX	Airfix Aviation
FJC	FALCONJET	Falcon Jet Centre
FJE	ENVOY	Silverjet
FJI	PACIFIC	Fiji Airways
FJL	OKAAB	Fly Jinnah
FJM	GREENHEART	Fly Jamaica Airways
FJS	FLORIDAJET	Florida Jet Service
FKI	KIEL AIR	FLM Aviation Mohrdieck
FKL	KELNER	Kelner Airways
FKS	FOCUS	Focus Air
FLA	PALM	Midway Express
FLC	FLIGHT CHECK	FINFO Flight Inspection Aircraft
FLE	FLAIR	Flair Airlines
FLF	FRIEND AIR	Friendship Airlines
FLG	FLAGSHIP	Pinnacle Airlines
FLH	MILE HIGH	Sky Bus
FLI	FAROELINE	Atlantic Airways
FLK	FLYLINK	Flylink Express
FLL	FEDERAL AIRLINES	Federal Airlines
FLM	FLY WORLD	Fly Air
FLN	ILIAS	Flamingo Air-Line
FLP	AEROCLUB FLAPS	Aeroclub Flaps
FLR	FLEETAIR	Fleetair
FLS	FAIRLINE	Fairlines
FLT	FLIGHTLINE	Flightline
FLU	YELLOW FLYER	Flugschule Basel
FLW	QUICKFLOW	FLowair Aviation
FLX	FLIGHT EXPRESS	Flight Express, Inc.
FLY	FLYBIRD	Fly Me Sweden
FLZ	AIR FLORIDA	Aero Leasing
FMC	CLAESSENS	Claessens International Limited
FMG	HUSKY	FMG Verkehrsfliegerschule Flughafen Paderborn-Lippstadt
FMI	FIRST MYANMAR	FMI Air
FMR	FLAMINGO AIR	Flamingo Air
FMS	HADI	Hadison Aviation
FMY	FRENCH ARMY	Aviation Legere De L'Armee De Terre
FNA	NORLAND	Norlandair
FNC	FINALAIR CONGO	Finalair Congo
FNF	FINNFORCE	Finnish Air Force
FNG	FINNGUARD	Frontier Guard
FNK	AURIKA	Feniks Airline
FNL	FINN FLIGHT	Oulun Tilauslento
FNO	RIAZOR	Aeroflota Del Noroeste
FNT	FLIGHT INTERNATIONAL	L-3 Communications Flight International Aviation
FNV	TRANSAVIASERVICE	Transaviaservice
FNX	AERO FENIX	Aero Fenix
FNY	FRENCH NAVY	France Marine Nationale
FOB	FORDAIR	Ford Motor Company
FOC	FOCA	Office Federal De'Aviation Civile
FOM	FREE AIR	Freedom Air
FOR	FORMULA	Formula One Management
FOX	GREENSTAR	Flyr
FPG	TAG AVIATION	TAG Aviation
FPO	FRENCH POST	Europe Airpost
FPS	FLIGHTPASS	Flightpass Limited
FPY	PLAYER	Play
FQA	QUIK LIFT	Quikjet Airlines
FRA	RUSHTON	FR Aviation
FRB	RAKWAY	Fly Rak
FRC	FRANCHE COMPTE	Icare Franche Compte
FRE	FREEDOM	Freedom Air
FRF	FAIRFLEET	Fleet Air International
FRG	FREIGHT RUNNERS	Freight Runners Express
FRJ	AFRIJET	Afrijet Airlines
FRK	AFRIFAST	Afrika Aviation Handlers
FRL	FREEDOM AIR	Freedom Airlines
FRM	FEDARM	Federal Armored Service
FRN	FARNED	Farnair Netherlands
FRQ	CHARTER AFRIQUE	Afrique Chart'air
FRR	FRESH AIR	Fresh Air
FRW	FARWEST	Farwest Airlines
FRX	FORT AERO	Fort Aero
FSA	FOSTER AIR	Foster Aviation
FSB	SEABIRD	FSB Flugservice & Development
FSC	FOUR STAR	Four Star Aviation / Four Star Cargo
FSD	FLUGSERVICE	EFS-Flugservice
FSH	FLASH	Flash Airlines
FSL	FLIGHTSAFETY	Flight Safety Limited
FSR	FLIGHTSTAR	Flightstar Corporation
FST	FAST TRACK	Aeros Limited
FSW	FASO	Faso Airways
FSX	FLAG	Flagship Express Services
FSY	FROSTY	Algonquin Airlink
FTA	FRONTIER AIR	Frontier Flying Service
FTC	AFFAIRES TCHAD	Air Affaires Tchad
FTE	FOTOGRAFIA	Fotografia F3
FTL	FLIGHT AVIA	Flightline
FTM	FLYTEAM	Flyteam Aviation
FTP	FOOTPRINT	Keystone Aerial Surveys
FTR	FINISTAIR	Finist'air
FTS	FIRST SABRE	First Sabre
FTY	FLY TYROL	ABC Bedarfsflug
FTZ	GREY BIRD	Fastjet
FUA	FUTURA	Futura International Airways
FUF	SERVIFUN	Servicios Aereos Fun Fly
FUJ	FUJAIRAH	Fujairah Aviation Centre
FUM	FUNLINE	Fuxion Line Mexico
FUN	FUNTSHI	Funtshi Aviation Service
FUT	AEREO FUTURO	Aereo Futuro
FVA	AIR VIRGINIA	Cardinal/Air Virginia
FVK	BALDER	FlyViking
FVS	FALCON AVIATION	Falcon Aviation Services
FWA	FREEWAYAIR	Interstate Airlines
FWC	FREEWAY	Freeway Air
FWD	FAIR WIND	Fair Wind Air Charter
FWI	FRENCH WEST	Air Caraïbes
FWL	FLO WEST	Florida West International Airways
FWQ	UNITY	Flight West
FWR	FLIGHT AWARE	FlightAware
FWY	FAIRWAYS	Fairways Corporation
FXA	EFFEX	Express Air
FXC	AIR FUTURE	Fortunair Canada
FXF	FOX FLIGHT	VIP Air Charter
FXI	FAXI	Air Iceland
FXL	FLY EXCELLENT	Fly Excellent
FXR	WILDFOX	Foxair
FXY	FLEXY	Flexair
FYA	FLYANT	Flyant
FYE	FLYME	Easy Link Aviation Services
FYG	FLYING GROUP	Flying Service
FYH	FLY HIGH	Flyhy Cargo Airlines
FYN	FLYNN	Comfort Air
FYS	AMERICAN FLYERS	American Flyers
GAA	BIZEX	Business Express
GAB	GENDALL	Gendall Air
GAC	DREAM TEAM	GlobeAir
GAD	SOUTHCOAST	South Coast Aviation
GAE	GRAND EXPRESS	Grand Aire Express
GAF	GERMAN AIR FORCE	German Air Force
GAG	GEEBIRD	Greybird Pilot Academy
GAH	GAMHELICO	Ga-Ma Helicoptere
GAI	GROMOV AIRLINE	Moskovia Airlines
GAK	AVIAGROUP	Global Aviation and Services Group
GAL	GALAXY	Galaxy Air
GAM	GERMAN ARMY	German Army
GAN	GANAIR	Gander Aviation
GAO	GOLDEN	Golden Air
GAP	AIRPHIL	PAL Express
GAQ	GOLFAIR	Golfe Air Quebec
GAS	GALENA AIR SERVICE	Galena Air Service
GAT	GULF TRANS	Gulf Air Inc
GAU	AEROGAUCHO	Aerogaucho
GAV	GRANAVI	Granada Aviación
GAX	GRAND AIRE	Full Express
GBB	GLOBE	Global Aviation Operations
GBE	GABEX	Gabon Express
GBJ	GLOBAL JET	Aero Business Charter
GBL	GEEBEE AIRWAYS	GB Airways
GBN	ATLANTIC GABON	Atlantic Airlines
GBR	GREENBRIER AIR	Rader Aviation
GBS	GLOBAL SERVE	Global Air Services Nigeria
GBT	GLOBETROTTER	A-Jet Aviation Aircraft Management
GBX	ISLAND TIGER	GB Airlink
GCB	LINACONGO	Lignes Nationales Aeriennes - Linacongo
GCC	GECAS	GECAS
GCF	AEROCARTO	Aeronor
GCH	GAMA SWISS	Gama Aviation Switzerland
GCI	ITALIAN COAST GUARD	Italian Coast Guard
GCK	AEROGEM	Aerogem Cargo
GCM	GLOBECOM	Comair Flight Services
GCN	GULF CENTRAL	Gulf Central Airlines
GCO	GEMINI	Gemini Air Cargo
GCR	BO HAI	Tianjin Airlines
GCS	GALION	GCS Air Service
GCW	GLOBALCREW	Global Air Crew
GCY	HELIBIRD	CHC Global Operations International
GDA	AIR PARTNER	GoldAir
GDB	BELGIAN GENERMERIE	Gendarmerie Belge
GDD	GOLDEN AIRLINES	Golden Airlines
GDE	GADEL	Servicios Aéreos Gadel
GDG	GOLDEN GATE	S.P. Aviation
GDH	RISING SUN	Guneydogu Havacilik Isletmesi
GDK	GOLDECK FLUG	Goldeck-Flug
GEA	GEASA	Guinea Ecuatorial Airlines
GEC	LUFTHANSA CARGO	Lufthansa Cargo
GED	LANGUEDOC	Europe Air Lines
GEE	GEESAIR	Geesair
GEN	GENSA BRASIL	GENSA
GER	GERMAN EAGLE	German Airways
GES	GESTAIR	Gestair
GET	AIR FLOW	Get High
GFA	GULF AIR	Gulf Air
GFC	GAIL FORCE	Gail Force Express
GFD	KITE	Gesellschaft Fur Flugzieldarstellung
GFF	GRIFFIN AIR	Griffin Aviation
GFG	NATIONAL	Georgian National Airlines
GFI	CARIB STAR	Caribbean Star Airlines
GFN	GRIFFON	The 955 Preservation Group
GFO	AEROVIAS GOLFO	Aerovías del Golfo
GFS	GULFSTAR	Gulfstream Airlines
GFT	GULF FLIGHT	Gulfstream International Airlines
GGA	JAWJA	First Flying Squadron
GGC	LONG HAUL	Cargo 360
GGF	GEORGIAN AFRICA	Georgian Cargo Airlines Africa
GGL	GIRA GLOBO	Aeronáutica
GGN	GEORGIAN	Air Georgian
GGS	GATSA	GATSA
GGT	THUNDERBALL	Trans Island Airways
GGV	GREGG AIR	Houston Jet Services
GGZ	GLOBAL GEORGIAN	Global Georgian Airways
GHA	GHANA	Ghana Airways
GHB	GHANA AIRLINES	Ghana International Airlines
GHL	HANDLING	Aviance UK
GHN	AIR GHANA	Air Ghana
GHP	GRASSHOPPER EX	Colvin Aviation
GHS	GATARI	Gatari Hutama Air Services
GHV	GROUND HANDLING	Ground Handling Service de Mexico
GHY	GERMAN SKY	German Sky Airlines
GIA	INDONESIA	Garuda Indonesia
GIB	GRAVIA	GR-Avia
GIC	CEBEGE	Compagnie de Bauxites de Guinee
GIF	GUINEE AIRLINES	Guinee Airlines
GIG	GACELA AIR	Gacela Air Cargo
GIH	TRANSPORT AFRICAIN	Union des Transports Africains de Guinee
GIJ	GUINEA AIRWAYS	Guinea Airways
GIK	SEBA	Seba Airlines
GIL	AFRICAN TRANSPORT	African International Transport
GIP	FUTURE EXPRESS	Air Guinee Express
GIQ	GUIPAR	Guinee Paramount Airlines
GIY	PROBIZ	Probiz Guinee
GIZ	AFRILENS	Africa Airlines
GJB	SKY TRUCK	Trans-Air-Link
GJS	LINDBERGH	GoJet Airlines
GJT	BANJET	Gestión Aérea Ejecutiva
GKA	GOLDEN KNIGHTS	US Army Parachute Team
GLA	LAKES AIR	Great Lakes Airlines
GLB	GLO AIR	Global Airways (GLB)
GLD	GOLDEN STAR	Golden Star Air Cargo
GLE	GOLIAF AIR	Goliaf Air
GLF	GULFSTREAM TEST	Gulfstream Aerospace
GLG	GALAPAGOS	Avianca Ecuador
GLJ	GLOBAL JET AUSTRIA	Global Jet Austria
GLL	TWINS	Air Gemini
GLM	GLOBAL MALI	Aero Services Mali
GLO	GOL TRANSPORTE	Gol Transportes Aéreos
GLP	GLOBUS	Globus Airlines
GLQ	QUILADA	El Quilada International Aviation
GLR	GLACIER	Central Mountain Air
GLS	GALS	Galaircervis
GLT	GASLIGHT	Aero Charter
GLU	LAKES CARGO	Great Lakes Airways (Uganda)
GLX	RUSSIAN BIRD	Gelix Airlines
GMA	GAMA	Gama Aviation
GMC	GENERAL MOTORS	General Motors
GME	MAYAN EAGLES	Aguilas Mayas Internacional
GMG	GMG	GMG Airlines
GMH	HUGHES EXPRESS	Hughes Aircraft Company
GMI	GERMANIA	Germania
GMJ	GAMISA	Gamisa Aviación
GML	GEEANDEL	G & L Aviation
GMM	AEROGUAMUCHIL	Aerotaxis Guamuchil
GMQ	CORGI	Germania Express
GMR	GOLDEN MYANMAR	Golden Myanmar Airlines
GMS	SERVICIOS GAMA	Aeroservicios Gama
GMT	GRUPOMONTERREY	Grupo Aéreo Monterrey
GNA	SERVIGANA	Servicios Aéreos Gana
GNC	GUINEA CARGO	Guinea Cargo
GND	GRAND VEGAS	Grand Airways
GNF	GANDALF	Gandalf Airlines
GNJ	HERCULES JET	Gain Jet Aviation
GNL	GENERAL	135 Airways
GNR	GAMBIA INTERNATIONAL	Gambia International Airlines
GNS	GENESIS	Eastern Executive Air Charter
GNT	GINTA	Amber Air
GNY	GERMAN NAVY	German Navy
GNZ	GONZO	General Aviation
GOA	ALBERTA	Alberta Government
GOB	PILGRIM	Dash Aviation
GOF	GOF AIR	Gof-Air
GOI	SWISS HAWK	Gofir
GOJ	GOJET	EuroJet Aviation
GOL	CARGOLAAR	Cardolaar
GOM	GOMEL	Gomel Airlines
GON	GONINI	Gonini Air Services
GOP	GOSPA AIR	Gospa Air
GOR	GORLITSA	Gorlitsa Airlines
GOT	GOTHIC	WaltAir
GOW	GOAIR	GoAir
GPA	GOLDEN PAC	Golden Pacific Airlines
GPC	AIR GULFPEARL	Gulf Pearl Air Lines
GPD	GOODSPEED	Tradewind Aviation
GPE	REGIONAL EXPRESS	GP Express Airlines
GPM	GRUPOMED	Grup Air-Med
GPR	GPM AEROSERVICIO	GPM Aeroservicio
GRA	FLEX	Guardian Air Asset Management
GRD	GRID	National Grid plc
GRE	GREECE AIRWAYS	Air Scotland
GRG	AIR GEORGIA	Air Georgia
GRL	GREENLAND	Air Greenland
GRN	GRANDE	Rio Grande Air
GRO	ALLEGRO	Allegro
GRP	GREAT PLAINS	Great Plains Airlines
GRR	AGROAR	Agroar - Trabalhos Aéreos
GRS	GOLDEN RULE	Golden Rule Airlines
GRV	NIGHT RIDER	Vernicos Aviation
GRX	GRODNO	Aircompany Grodno
GRY	GRAY RIDER	New York State Police
GRZ	COM FLIGHT	Government of Zambia Communications Flight
GSA	GARDEN STATE	Garden State Airlines
GSJ	GROSSJET	Grossmann Jet Service
GSK	GLOBAL SKY	Global Sky Aircharter
GSL	SURVEY CANADA	Geographic Air Surveys
GSM	GLOBESPAN	Flyglobespan
GSP	GREEN SPEED	Airlift Alaska
GSS	JET LIFT	Global Supply Systems
GSV	AGRAV	Agrocentr-Avia
GSY	GUARD AIR	Guard Systems
GTC	GOLDEN WINGS	Altin Havayolu Tasimaciligi Turizm Ve Ticaret
GTH	GOTHAM	General Aviation Flying Services
GTI	GIANT	Atlas Air
GTP	GRUPOTAMPICO	Aerotaxi Grupo Tampico
GTR	STAR GESTAR	Gestar
GTV	GAVIOTA	Empresa de Aviación Aerogaviota
GTX	BIG DEE	GTA Air
GUA	AGUASCALIENTES	Aerotaxis de Aguascalientes
GUE	AERO GUERRERO	Aero Servicio Guerrero
GUF	GULF AFRICAN	Gulf African Airlines
GUG	AVIATECA	Aviateca
GUJ	GUJARATAIR	Gujarat Airways
GUL	GULL AIR	Gull Air
GUM	GUM AIR	Gum Air
GUN	HOOT	Grant Aviation
GUS	GUJA	Guja
GUY	GREEN BIRD	Air Guyane
GVG	BLUECRAFT	Flygaktiebolaget Gota Vingar
GVI	IRINA	Air Victoria Georgia
GVN	GAVINA	Gavina
GWA	G W AIR	Great Western Air
GWI	GERMAN WINGS	Germanwings
GWL	GREAT WALL	Great Wall Airlines
GWN	GWYN	Gwyn Aviation
GWS	GENAIR	General Airways
GWY	GETAWAY	USA3000 Airlines
GXA	GRIXONA	Grixona
GXL	STARDUST	XL Airways Germany
GXY	GALAX	Galaxy Airlines
GYP	GYPSY	Eagle Aviation
GZA	EXCELLENT AIR	Excellent Air
GZD	GRIZODUBOVA AIR	Grizodubova Air Company
GZP	GAZPROMAVIA	Gazpromavia
GZQ	ZAGROS	Zagros Air
HAA	AGROFORESTAL	Helicopteros Agroforestal
HAD	HAITI AVIA	Air d'Ayiti
HAF	HELLENIC AIR FORCE	Hellenic Air Force
HAG	HAGELAND	Hageland Aviation Services
HAH	AIR COMORES	Air Comores International
HAJ	HAJVAIRY	Hajvairy Airlines
HAK	HELIFALCON	Pegasus Helicopters
HAL	HAWAIIAN	Hawaiian Airlines
HAN	HANSUNG AIR	Hansung Airlines
HAP	HELIPERSONAL	Helicopteros Aero Personal
HAR	HARBOR	Harbor Airlines
HAS	HONDURAS AIR	Honduras Airlines
HAT	TAXI BIRD	Air Taxi
HAU	SKYHAUL	Skyhaul
HAV	HAVILAH	Havilah Air Services
HAW	THAI HAWK	Bangkok Aviation Center
HAX	SCOOP	Benair
HAY	HAMBURG AIRWAYS	Hamburg Airways
HBA	HARBOR AIR	Trail Lake Flying Service
HBC	HALISA	Haitian Aviation Line
HBH	HEBEI AIR	Hebei Airlines
HBI	HELIBIRD	CHC Denmark
HBL	HELIBLUE	Faroecopter
HBT	HABICHT	Polizeihubschrauberstaffel Thüringen
HBU	KHARKIV UNIVERSAL	Universal Avia
HCA	HAVASU	Lake Havasu Air Service
HCB	HELEN	Helenair (Barbados)
HCC	CZECH HOLIDAYS	Holidays Czech Airlines
HCK	HELI CHARTER	Heli-Charter
HCL	HELENCORP	Helenair Corporation
HCP	HELI CZECH	Helicopter
HCV	CREOLE	Halcyonair
HCW	STAR1	Star1 Airlines
HCY	HELIOS	Helios Airways
HDA	DRAGON	Cathay Dragon
HDC	HELICATALUNA	Helcopteros De Cataluna
HDI	DINAMICOS	Hoteles Dinamicos
HDR	HELIDRIFT	Helikopterdrift
HEA	HELIAVIA	Heliavia-Transporte Aéreo
HEB	HELIBERNINA	Heli Bernina
HEC	HELICAMPECHE	Heliservicio Campeche
HED	FLAPJACK	Heritage Aviation Developments
HEI	AEROHEIN	Aerohein
HEJ	HELLAS JET	Hellas Jet
HEL	HELICOL	Helicol
HEM	HEMS	CHC Helicopter
HEN	HELINAC	Helicópteros Y Vehículos Nacionales Aéreos
HER	HEX AIRLINE	Hex'Air
HET	HELITAF	TAF Helicopters
HEX	HONIARA CARGO	Honiara Cargo Express
HEZ	ARROW	Arrow Aviation
HFA	AIR HAIFA	Air Haifa
HFM	MOONRAKER	Hi Fly Malta
HFR	HELIFRANCE	Heli France
HFY	SKY FLYER	Hi Fly
HGA	HOGAN AIR	Hogan Air
HGB	GREATER BAY	Greater Bay Airlines
HGD	HANGARD	Hangard Aviation
HGH	HIGHER	Atlantic Air Lift
HGK	SALAAMA	Fika Salaama Airlines
HGR	HANG	Hangar 8
HGT	HIGHTECH	GMJ Air Shuttle
HHA	ATLANTIC HONDURAS	Atlantic Airlines de Honduras
HHE	HELI HOLLAND	Heli-Holland
HHH	HELICSA	Helicsa
HHI	HAMBURG JET	Hamburg International
HHN	ROOSTER	Hahn Air
HHO	HOUSTON HELI	Houston Helicopters
HHP	HELENIA	Helenia Helicopter Service
HHS	HIJET	Hi-Jet Helicopter Services
HIA	HAIDA	Canadian Eagle Aviation
HIB	HELIBRAVO	Helibravo Aviacao
HID	EJECUTIVA HIDALGO	Aviación Ejecutiva De Hildago
HIF	HIFSA	Heli-Iberica Fotogrametria
HIG	INTER GUYANNE	Heli-Inter Guyane
HIM	HIMALAYA	Himalaya Airlines
HIN	HOLDING GROUP	Holding International Group
HIP	STARSA	Starship
HIS	HISPANIOLA	Hispaniola Airways
HIT	HELITALIA	Helitalia
HJA	AIRHAITI	Air Haiti
HJE	GOSA	Servicios Ejecutivos Gosa
HJL	BIZJET	Hamlin Jet
HJT	AL RAIS CARGO	Al Rais Cargo
HKA	SPEND AIR	Superior Aviation
HKB	CLASSIC	Hawker Beechcraft
HKC	MASCOT	Hong Kong Air Cargo
HKE	HONGKONG SHUTTLE	Hong Kong Express Airways
HKG	HONGKONG GOVERNMENT	Government Flying Service
HKH	HAWKHUNGARY	Air-Invest
HKI	HAWKEYE	Hawkaire
HKL	HAK AIRLINE	Hak Air
HKN	HANKINS	Jim Hankins Air Service
HKR	AIR HAW	Hawk Air
HKS	HELIBUS	CHC Helikopter Service
HLA	HEAVYLIFT	HC Airlines
HLB	HIGH LINE	High-Line Airways
HLC	HELICAP	Helicap
HLD	GRANITE	Grampian Flight Centre
HLE	HELIMED	UK HEMS
HLF	HAPAG LLOYD	Hapagfly
HLG	HELOG	Helog
HLH	HALA AIR	Hala Air
HLI	HELI SAINT TROPEZ	Heli Securite
HLK	HELI LINK	Heli-Link
HLM	HELIMIDWEST	Heli Medwest De Mexico
HLN	ORANGE	Air Holland
HLO	HALO	Samaritan Air Service
HLP	HELIPISTAS	Helipistas
HLR	HELI BULGARIA	Heli Air Services
HLT	HELITOURS	Helitours
HLU	HELI UNION	Heli Union Heli Prestations
HLW	HELIWORKS	Heliworks
HLX	YELLOW CAB	Hapag-Lloyd Express
HMA	TAHOMA	Air Tahoma
HMC	HELIAMERICA	Heliamerica De Mexico
HMD	HAMMOND	Charlie Hammonds Flying Service
HMF	LIFEGUARD SWEDEN	Norrlandsflyg
HMM	HAMRA	Hamra Air
HMP	PAPAIR TERMINAL	Papair Terminal
HMR	HAMMER	North American Charters
HMS	HEMUS AIR	Hemus Air
HMT	HAMILTON	Air Nova
HMV	HOMAC	Homac Aviation
HMX	HAWK MEXICO	Hawk De Mexico
HMY	HARMONY	Harmony Airways
HNA	HELLENIC NAVY	Greek Navy
HNL	MAPLELEAF	CHC Helicopters Netherlands
HNR	HANAIR	Haiti National Airlines (HANA)
HNT	HELICOP INTER	Helicopteros Internacionales
HOA	HOLA	Hola Airlines
HOG	HOGAN AIR	Mahogany Air Charters
HOL	HOLIDAY	Holiday Airlines (US Airline)
HOM	AERO HOMEX	Aero Homex
HOP	AIR HOP	Hop!
HOR	HORIZON	Horizon Air-Taxi
HOZ	HORIZONTES AEREOS	Horizontes Aéreos
HPA	PEARL AIRWAYS	Pearl Airways
HPJ	HOPA JET	Hop-A-Jet
HPL	HELIPORTUGAL	Heliportugal
HPO	ALMIRON	Almiron Aviation
HPR	HELIPRO	Rick Lucas Helicopters
HPS	HORIZON PLUS	Horizon Plus
HRA	ERICA	Heli-Iberica
HRB	HAITI AIRLINE	Haiti International Airline
HRH	TONGA ROYAL	Royal Tongan Airlines
HRI	HELIRIM	Skyraidybos Mokymo Centras
HRN	HERONAIR	Heron Luftfahrt
HRS	HORSEMAN	Pursuit Aviation
HRT	CHARTRIGHT	Chartright Air
HRZ	CROATIAN AIRFORCE	Croatian Air Force
HSA	DUMA	East African Safari Air
HSE	HELISURESTE	Compania Helicopteros Del Sureste
HSH	HASA	Hispánica de Aviación
HSI	HELISWISS	Heliswiss
HSK	MATRA	Sky Europe Airlines
HSM	ALOFUKAIR	Horizon Air for Transport and Training
HSN	H.S.AVIATION	H.S.AVIATION CO., LTD.
HSO	HELIASTURIAS	Campania Helicopteros De Transporte
HSP	HOSPITAL	International Jet Charter
HSR	HOOSIER	Citylink Airlines
HSS	TAS HELICOPTEROS	Compañía Transportes Aéreos Del Sur
HSU	HELIS	Helisul
HSV	HIGHSWEDE	Svenska Direktflyg
HSY	HELISKY	Sky Helicopteros
HTA	SCANBIRD	Helitrans
HTB	HELIX CRAFT	Helix-Craft Aviation
HTC	HAITI TRANSAIR	Haiti Trans Air
HTE	HELICOPTERSMEXICO	Midwest Helicopters De Mexico
HTG	GROSSMANN	Grossmann Air Service
HTI	HAITI INTERNATIONAL	Haiti International Air
HTL	HOTLINE	My Fair Jet
HTO	HELI TANGO	Tango Bravo
HTP	HELI TRIP	Heli Trip
HTR	HOLSTEN	Holstenair Lubeck
HTS	HELITRANS	Helitrans Air Service
HTT	HOTEL TANGO	Air Tchad
HTU	HONGLAND	Hongtu Airlines
HUB	HUB	Hub Airlines
HUC	LINEAS TEHUACAN	Aerolíneas de Techuacán
HUD	HUD	Horizons Unlimited
HUF	HUNGARIAN AIRFORCE	Hungarian Air Force
HUR	HURRICANE CHARTER	Miami Air Charter
HUS	HUESSLER	Huessler Air Service
HUT	AEROHUITZILIN	Aerotransportes Huitzilin
HUV	SILVER EAGLE	Hunair Hungarian Airlines
HUY	AERO HUMAYA	Aero Transportes Del Humaya
HVA	HAVEN AIR	Newair
HVK	TURKISH AIRFORCE	Turkish Air Force
HVL	HEAVYLIFT INTERNATIONAL	Heavylift International
HVN	VIET NAM	Vietnam Airlines
HVY	HEAVY CARGO	Heavylift Cargo Airlines
HWD	FLITEWISE	HPM Investments
HWY	HIWAY	Highland Airways
HXA	CHINA EXPRESS	China Express Airlines
HYA	HYACK	Hyack Air
HYC	HYDRO CARGO	Hydro Air Flight Operations
HYD	HYDRO	Hydro-Québec
HYH	HELIHUNGARY	Heli Hungary
HYM	SKY MOLDOVA	HiSky
HYP	HYPERION	Hyperion Aviation
HYR	HIGHFLYER	Airlink Airways
HYS	SKY EUROPE	HiSky Europe
HZA	HORIZON	Horizon Airlines
HZL	HAZELTON	Hazelton Airlines
HZT	HORIZON TOGO	Air Horizon
HZX	ZHONGXIN	Citic General Aviation
IAA	INDO LINES	Indonesian Airlines
IAC	INDAIR	Indian Airlines
IAD	FLYWEX	Fly Wex
IAG	EPAG	EPAG
IAI	ISRAEL AIRCRAFT	Israel Aircraft Industries
IAJ	JARLAND	Islandair Jersey
IAK	AIR CARGO EGYPT	International Air Cargo Corporation
IAM	ITALIAN AIRFORCE	Italian Air Force
IAR	ILIAMNA AIR	Iliamna Air Taxi
IAW	IRAQI	Iraqi Airways
IAX	INTERAIR SERVICES	International Air Services
IAY	IASON	Deadalos Flugtbetriebs
IBB	BINTER	Binter Canarias
IBC	IBICENCA	Ibicenca Air
IBE	IBERIA	Iberia Airlines
IBG	ICE BRIDGE	Springfield Air
IBK	NORTRANS	Norwegian Air International
IBL	CATOVAIR	IBL Aviation
IBR	IBERTOUR	Ibertour Servicios Aéreos
IBS	IBEREXPRESS	Iberia Express
IBT	IBERTRANS	Ibertrans Aérea
IBU	INDIGO BLUE	Indigo Airlines
IBX	IBEX	Ibex Airlines
IBY	CENTRAL STAGE	International Business Aircraft
ICA	ICARFLY	Icaro
ICB	ICEBIRD	Icebird Airline
ICC	CARTO	Institut Cartogràfic de Catalunya
ICD	ICARO	Icaro Air
ICE	ICEAIR	Icelandair
ICG	ICELAND COAST	Icelandic Coast Guard
ICJ	ICEJET	Icejet
ICL	CAL	Challenge Airlines IL
ICM	INTER CAMEROUN	Air Inter Cameroun
ICN	INTER CANADIAN	Inter-Canadian
ICP	CHOPER	Intercopters
ICR	ICARUS FLIGHTS	Eagle Aero
ICS	INTERSERVI	International Charter Services
ICT	CONTAVIA	Intercontinental de Aviación
ICV	CARGO MED	Cargolux Italia
ICX	INTEX	International Charter Xpress
IDA	INTRA	Indonesia Air Transport
IDE	INDEPENDENCE AIR	Independence Air
IDG	INDIGO	IDG Technology Air
IDL	ILDEFONSO	Ildefonso Redriguez
IDP	INDEPENDENT	Independent Air Freighters
IDR	INDICATOR	Indicator Company
IEI	ITALIAN ARMY	Italian Army
IEP	ELIPIU	Elipiu'
IFA	RED ANGEL	FAI Air Service
IFC	INDIAN AIRFORCE	Indian Air Force
IFF	INTERFREIGHT	Interfreight Forwarding
IFI	HELLAS LIFT	Air Lift
IFL	EIFEL	IFL Group
IFM	ICOPTER	Ifly
IFS	RIVIERA	Italy First
IFT	INTERFLIGHT	Interflight
IFX	IFTA	International Flight Training Academy
IGA	IGUANA	Skytaxi
IGN	DIVINE AIR	Interguide Air
IGO	IFLY	IndiGo
IGS	ISLA GRANDE	Isle Grande Flying School
IHE	INTERCOPTER	Interjet Helicopters
IIG	ALDAWLYH AIR	International Company for Transport, Trade and Public Works
IIL	INDIA INTER	India International Airways
IJA	I JET	International Jet Aviation Services
IJE	IVOIRE JET	Ivoire Jet Express
IJM	JET MANAGEMENT	IJM International Jet Management
IJW	JET WEST	Interjet Inc.
IKA	ITEK AIR	Itek Air
IKK	IKIAIR	IKI International Airlines
IKM	EASY SHUTTLE	Aero Survey
IKN	IKON	IKON FTO
IKR	IKAROS	Ikaros DK
IKY	GENERAL SKY	Intersky Bulgary
ILF	ISLAND FLIGHT	Island Air Charters
ILK	ILEK	Aero Airline
ILL	ILYICHAVIA	Ilyich-Avia
ILN	INLINE	Interair South Africa
ILS	SERVICIOS ILSA	Servicios Aéreos Ilsa
ILV	ILAVIA	Il-Avia
IMA	INTER MOUNTAIN	Inter-Mountain Airways
IME	AIRTIME	Airtime Charters
IMG	IMPERIAL AIRLINES	Imperial Cargo Airlines
IMN	TAXI CIMARRON	Aerotaxis Cimarron
IMR	IMAER	Imaer
IMT	IMTREC	Imtrec Aviation
IMX	ZIMEX	Zimex Aviation
INA	AERO NACIONAL	Aero Internacional
INC	INSELAIR	Insel Air International
IND	IONA	Iona National Airways
ING	AEROINGE	Aeroingenieria
INK	SINCOM AVIA	Sincom-Avia
INL	INTAL AVIA	Intal Avia
INO	INTENOR	Aeroservicios Intergrados de Norte
INT	INTAIRCO	Intair
INU	INSTRUCTOR	Flyguppdraget Backamo
INV	INVER	Inversija
INX	INTER EURO	Inter Express
IOA	IOWA AIR	Iowa Airways
IOM	ISLE AVIA	Island Aviation and Travel
IOS	SCILLONIA	Isles of Scilly Skybus
IPA	IPEC	IPEC Aviation
IPL	IPULL	Airpull Aviation
IPM	SHIPEX	IPM Europe
IPN	NUSANTARA	Industri Pesawat Terbang Nusantara
IPR	ICAR	Independent Carrier (ICAR)
IPT	INTERPORT	Interport Corporation
IQQ	CARIBJET	Caribbean Airways
IRA	IRANAIR	Iran Air
IRB	AIRTOUR	Iran Airtour
IRC	ASEMAN	Iran Aseman Airlines
IRD	ARVAND	Arvand Airlines
IRE	PARIZAIR	Pariz Air
IRF	TA AIR	TA-Air Airline
IRG	NAFT	Iranian Naft Airlines
IRH	ATLAS AVIA	Atlas Aviation Group
IRI	NAVID	Navid
IRJ	BONYAD AIR	Bonyad Airlines
IRL	IRISH	Irish Air Corps
IRM	MAHAN AIR	Mahan Air
IRO	IRON AIR	CSA Air
IRP	PAYAMAIR	Payam Air
IRR	TARAIR	Tara Air Line
IRU	CHABAHAR	Chabahar Airlines
IRV	SAFAT AIR	Safat Airlines
IRW	ARAM	Aram Airline
IRX	ARIA	Aria Tour
IRY	ERAM AIR	Eram Air
IRZ	SAHA	Saha Airlines Services
ISD	ISDAVIA	ISD Avia
ISG	CLUBAIR	Club Air
ISI	ISLANDMEX	Island Air
ISK	INTERSKY	Intersky
ISL	ISLANDIA	Landsflug
ISM	STORK	Auo Airclub AIST-M
ISN	TRI BIRD	Interisland Airlines
ISR	ISRAIR	Israir
ISS	MERIDIANA	Meridiana
IST	ISTANBUL	Istanbul Airlines
ISW	PINTADERA	Islas Airways
ITA	CAFEX	Inter-Air
ITE	AEROTAXI	Aerotaxi S.R.O.
ITF	AIR AVITA	Avita-Servicos Aéreos
ITH	INTRANS NIGERIA	International Trans-Air
ITI	AIRSWIFT	AirSwift
ITK	INTERLINK	Interlink Airlines
ITN	TITANLUX	Industrias Titan
ITO	AERO CITRO	Aero Citro
ITR	OUT BACK	Frontier Commuter
ITS	INTER STATE	Inter-State Aviation
ITU	INTERLOS	Intervuelos
ITW	INTER WINGS	Inter Air
ITX	IMPROTEX	Imair Airlines
ITY	ITARROW	ITA Airways
IUS	ICARUS	Icarus
IVA	INNOTECH	Innotech Aviation
IVE	COMPANY EXEC	Air Executive
IVJ	INVADER JACK	Flight International
IVR	RERUN	Burundaiavia
IVS	IVOIRE AERO	Ivoire Aero Services
IVT	INTERAVIA	Interaviatrans
IVW	IVOIRAIRWAYS	Ivoire Airways
IWD	IBERWORLD	Iberworld
IWY	ISLANDWAYS	Interisland Airways]
IXR	X BIRD	Ixair
IXX	ISLAND EXPRESS	Dolphin Express Airlines
IYE	YEMENI	Yemenia
IZA	IZHAVIA	Izhavia
IZG	ZAGROS	Zagros Airlines
IZM	IZMIR	Izair
JAA	JET ASIA	Jet Asia Airways
JAB	AIR BAGAN	Air Bagan
JAC	COMMUTER	Japan Air Commuter
JAD	AEROJAL	Aerojal
JAE	JADE CARGO	Jade Cargo International
JAF	BEAUTY	TUI fly Belgium
JAG	JETALLIANCE	Jetalliance
JAI	JET AIRWAYS	Jet Airways
JAK	YANZAR	Jana-Arka
JAL	JAPANAIR	Japan Airlines
JAM	SUNTRACK	Sunline Express
JAP	RED SMART	JetSMART Perú
JAR	AIRLINK	Airlink
JAS	JET SETTER	Jet Aviation Flight Services
JAT	JAT	Jat Airways
JAV	JORDAN AVIATION	Jordan Aviation
JAW	JAW	Jamahiriya Airways
JAX	JANAIR	Janair
JAZ	JALWAYS	JALways
JBA	HELIJET	Helijet
JBR	JOBAIR	Job Air
JBU	JETBLUE	JetBlue Airways
JCB	JAYSEEBEE	JCB (heavy equipment manufacturer)
JCC	JETCRAFT	Jetcraft Aviation
JCF	JET CENTER	Jet Center Flight Training
JCH	TRADING CARGO	Trading Air Cargo
JCK	JACKSON	Jackson Air Services
JCM	SECUREAIR	Secure Air Charter
JCR	ROTTERDAM JETCENTER	Rotterdam Jet Center
JCS	JETCLUB	Jetclub
JCT	JET CHARTER	Jet Charter
JCX	JET CONNECT	Jet Connection
JDA	JAY DEE	JDAviation
JDC	JOHN DEERE	Deere & Company
JDG	LADYBLUE	Joanas Avialinijos
JDI	JEDI	Jet Story
JDP	RED PELICAN	JDP Lux
JEA	JETA	OLT Express
JEC	TAIPAN	Jett8 Airlines Cargo
JED	JET EAST	Jet East International
JEE	AMBJEK AIR	Ambjek Air Services
JEF	JETFLITE	Jetflite
JEI	JET EXECUTIVE	Jet Executive International Charter
JEJ	MEXJETS	Jets Ejecutivos
JEK	JET OPS	Jet Link
JEL	JETEL	Tal Air Charters
JEM	GEMSTONE	Emerald Airways
JEP	JET PERSONALES	Jets Personales
JES	SMARTBIRD	JetSmart Argentina
JET	GHIBLI	Wind Jet
JEX	JANEX	JAL Express
JFA	MOSQUITO	Jetfly Aviation
JFC	JET FLEET	LTV Jet Fleet Corporation
JFK	KEENAIR	Keenair Charter -
JFL	LINEFLYER	Jetfly Airlines
JFS	JAEMCO	Juanda Flying School
JFU	ARGAN	Jet4You
JFY	YEOMAN	Foster Yeoman
JGD	JET GEE AND DEE	Jet G&D Aviation
JGJ	GLOBAL JINGGONG	Jinggong Jet
JGO	JETSGO	JetsGo
JHN	AIR JOHNSON	Johnson Air
JIA	BLUE STREAK	PSA Airlines
JIB	JIBAIRLINE	Jibair
JIC	JIC JET	Jetgo International
JIM	SARK	Sark International Airways
JJA	JEJU AIR	Jeju Air
JJM	GEODATA	Regional Geodata Air
JJP	ORANGE LINER	Jetstar Japan
JKA	JACKET	LeTourneau University
JKH	JETKONTOR	JETKONTOR AG
JKK	SPANAIR	Spanair
JKR	JOKER	Justice Air Charter
JKT	KAITAK	Jetstar Hong Kong
JKY	JOCKEY	Helicopter & Aviation Services
JLA	SALLINE	MIA Airlines
JLH	CESA	Centro de Servicio Aeronautico
JLN	JET LINE	Eurojet Limited
JLX	KEN JET	Jetlink Express
JMB	JAMBOAFRICA	Jambo Africa Airlines
JMC	JAYEMMSEE	JMC Airlines
JMG	JET MAGIC	JetMagic
JMJ	JOHNSTON	Johnston Airways
JMM	JOICOMAR	Joint Military Commission
JMP	JUMP RUN	Businesswings
JMR	ALEXANDAIR	Alexandair
JMT	JOMARTAXI	Jomartaxi Aereo
JMX	JAMAICA EXPRESS	Air Jamaica Express
JNA	JIN AIR	Jin Air
JNH	JONAH	M & N Aviation
JNJ	JOURNEY JET	Journey Jet
JNL	JETNETHERLANDS	JetNetherlands
JNR	JET NORTE	Jet Norte
JNV	JETNOVA	Jetnova de Aviación Ejecutiva
JNY	JENAIR	Jenney Beechcraft
JOB	JOBENI	Aerojobeni
JOL	EDIL	Atyrau Air Ways
JON	JOHNSONSAIR	Johnsons Air
JPA	J PAT	OSACOM
JPN	JETPLAN	Jeppesen UK
JPO	JETPRO	Jetpro
JPQ	JETT PAQUETERIA	Jett Paqueteria
JPR	JASPER	Aerosmith Aviation
JRI	JETRIDER	Jetrider International
JRN	JET RENT	Jet Rent
JSA	JETSTAR ASIA	Jetstar Asia
JSE	SERVIJETS	Jets Y Servicios Ejecutivos
JSH	STREAM AIR	Jet-stream
JSI	SISTEMA	Jet Air Group
JSJ	JS CHARTER	JS Air
JSM	JET STREAM	Jet Stream
JSP	PALMER	Palmer Aviation
JST	JETSTAR	Jetstar
JSW	JIGSAW	Jigsaw Project
JSX	BIGSTRIPE	JSX (airline)
JTA	JAI OCEAN	Japan Transocean Air
JTC	JETRANS	Jet Trans Aviation
JTD	JETTIME	Jettime
JTE	JETEX	National Jet Express
JTF	JETFIN	Jet Time
JTL	FIREFLY	Jetall Holdings
JTM	SKYMAN	Exxavia Limited
JTN	JET TEST	Jet Test Intl.
JTR	JESTER	Executive Aviation Services
JTS	AVIONESJETS	Arrendamiento de Aviones Jets
JTT	MOSCOW JET	Jet-2000
JTU	ZHETYSU	Zhetysu
JTX	JET ASPEN	Jet Aspen Air Lines
JTY	JATAYU	Jatayu Airlines
JUA	JUAREZ	Aero Juarez
JUB	JUBBA	Jubba Airways
JUC	JUBA CARGO	Juba Cargo Services & Aviation Company
JUR	JUNKERS	Ju-Air
JUS	JET USA	USA Jet Airlines
JVK	ISLANDIC	Jorvik
JWY	JETWAYS	Jetways of Iowa
JXT	VANNIN	Jetstream Executive Travel
JXX	JETBIRD	JetX Airlines
JYH	TRANS JADE	9 Air
JZA	JAZZ	Air Canada Jazz
JZR	JAZEERA	Jazeera Airways
KAA	AASCO	Asia Aero Survey and Consulting Engineers
KAC	KUWAITI	Kuwait Airways
KAD	AIR KIROVOGRAD	Air Kirovograd
KAE	KARTIKA	Kartika Airlines
KAH	DEKAIR	Kent Aviation
KAI	KAISER	KaiserAir
KAJ	KARTHAGO	Karthago Airlines
KAL	KOREANAIR	Korean Air
KAM	ICO AIR	Air Mach
KAO	KAZAVAIA	Kazan Aviation Production Association
KAP	CAIR	Cape Air
KAR	IKAR	Ikar
KAS	KINGSTON AIR	Kingston Air Services
KAT	KATO AIR	Kato Airline
KAV	AIRKUFRA	Air Kufra
KAW	KAZWEST	Kaz Air West
KAZ	KAZLUX	Comlux Kazakhstan
KBA	BOREK AIR	Kenn Borek Air
KBN	KABIN	Spiracha Aviation
KBV	SWECOAST	Kustbevakningen
KCA	TRANS KIEV	Trans-Kiev
KCE	KACEY	Irving Oil
KCH	CAM AIR	KC International Airlines
KCR	KOLOB	Kolob Canyons Air Services
KDA	KENDELL	Kendell Airlines
KDC	KAY DEE	K D Air Corporation
KDR	DARLINES	Royal Daisy Airlines
KDZ	KUDZU	Flightworks
KEE	KEYSTONE	Keystone Air Service
KEK	ARKHABAY	Arkhabay
KEM	CEMAIR	CemAir
KEN	KENMORE	Kenmore Air
KES	KALLAT EL SKER	Kallat El Saker Air Company
KEW	BLIZZARD	Keewatin Air
KEY	KEY AIR	Key Airlines
KFA	FLIGHTCRAFT	Kelowna Flightcraft Air Charter
KFC	KREMENCHUK	Kremenchuk Flight College
KFE	SKYFIRST	SkyFirst LTD
KFK	KRIFKA AIR	Aero Charter Krifka
KFR	KINGFISHER	Kingfisher Airlines
KFS	KALITTA	Kalitta Charters
KFT	AIR KRAFT MIR	Air Kraft Mir
KGA	KYRGYZ	Kyrgyzstan Airlines
KGB	KEMIN	Kyrgz General Aviation
KGC	GOLDCREST	Peach Air
KGD	CONCORDE AIR	Air Concorde
KGL	KOGALYM	Kogalymavia Air Company
KGT	KNIGHT LINER	Knights Airlines
KGZ	BERMET	Kyrgyz Airlines
KHA	AIR KITTYHAWK	Kitty Hawk Aircargo
KHB	DALAVIA	Dalavia
KHC	CARGO HAWK	Kitty Hawk Airways
KHE	KANFEY HAEMEK	Kanfey Ha'emek Aviation
KHK	SUNRAY	Kharkiv Airlines
KHO	AIRCOMPANY KHORS	Khors Aircompany
KHP	PHOTROS AIR	Khoezestan Photros Air Lines
KHR	KHAZAR	Khazar
KHV	ANGKOR AIR	Cambodia Angkor Air
KHX	RIZZ	Knighthawk Express
KHY	KHYBER	Khyber Afghan Airlines
KIA	KIWI AIR	Kiwi International Air Lines
KIE	TWEETY	Afit
KII	DRAGSTER	Kalitta Charters II
KIL	AIR KUBAN	Kuban Airlines
KIN	KINLOSS	RAF Kinloss
KIP	KINNARPS	Kinnarps
KIS	CONTACTAIR	Contactair
KIW	KIWI	Royal New Zealand Air Force
KJC	KRASNOJARSKY AIR	Krasnojarsky Airlines
KKA	KAKAIR	Kazavia
KKB	KHAKI BLUE	Air South
KKK	ATLASJET	Atlasjet
KKS	KOKSHE	Salem
KLA	KAUNAS	Air Lithuania
KLB	TRANS MALI	Air Mali International
KLC	CITY	KLM Cityhopper
KLD	AIR KLAIPEDA	Air Klaipėda
KLG	KARLOG	Karlog Air Charter
KLH	KLM HELI	KLM Helicopter
KLM	KLM	KLM
KLO	KLONDIKE	Flight-Ops International
KLR	KAY LER	Columbus Air Transport
KLS	KALSTAR	Kalstar Aviation
KLX	KELIX	Kelix Air
KLZ	AEROKALUZ	Aerokaluz
KMA	KOMI AVIA	Komiaviatrans State Air Enterprise
KMB	KEMBLEJET	Delta Engineering Aviation
KMC	KAHAMA	Kahama Mining Corporation
KME	GIANT IBIS	Cambodia Airways
KMF	KAMGAR	Kam Air
KMG	KOSMAS CARGO	Kosmas Air
KMI	KAY MILE AIR	K-Mile Air
KMP	KAMPUCHEA	Kampuchea Airlines
KMR	KOMSTAR	Western Pacific Airlines
KMV	KOMIINTER	Komiinteravia
KNA	KUNMING AIR	Kunming Airlines
KNE	NAS EXPRESS	Flynas
KNG	KING	King Aviation
KNI	KALININGRAD AIR	KD Avia
KNM	KNAAPO	Komsomolsk-on-Amur Air Enterprise
KNS	KINSHASA AIRWAYS	Kinshasa Airways
KNX	KNIGHT FLIGHT	Knighthawk Air Express
KOA	KOANDA	Koanda Avacion
KOB	AUTOFLEX	Koob-Corp - 96 KFT
KOE	KOKEE	Northland Aviation
KOK	KOKO	Horizon Air Service
KOM	COMJET	Kom Activity
KOP	COPTERS	Servicios Aéreos Copters
KOR	AIR KORYO	Air Koryo
KOS	KOSOVA	Kosova Airlines
KOV	ORLAN	Orlan-2000
KOY	ALEKS	Araiavia
KPA	KUNPENG	Kunpeng Airlines
KPH	KAMA	Kazan Helicopters
KPM	SKY PRIMAIR	Sky Prim Air
KQA	KENYA	Kenya Airways
KRA	REGATA	Transcontinental Airlines
KRB	KARIBU AIR	Karibu Airways Company
KRC	KIWI RESCUE	Royal New Zealand Air Force
KRE	AEROSUCRE	AeroSucre
KRF	KITTYHAWK	United Kingdom Royal VIP Flights
KRG	AVIAMONTAG	Krimaviamontag
KRH	SPARROWHAWK	United Kingdom Royal VIP Flight
KRI	KRYLO	Krylo Airlines
KRM	TRANS UNIVERSAL	Crimea Universal Avia
KRN	ANTOL	Kaz Agros Avia
KRO	KROONK	Kroonk Air Agency
KRP	CARPATAIR	Carpatair
KRT	KOKTA	Air Kokshetau
KRV	KHORIV AVIA	Khoriv-Avia
KSA	SKY CAMEL	K S Avia
KSI	KISSARI	Air Kissari
KSM	KOSMOS	Kosmos
KSP	SAEP	Servicios Aéreos Expecializados En Transportes Petroleros
KSS	KANSAS	Raytheon Travel Air
KST	KING STAR	PTL Luftfahrtunternehmen
KSU	K STATE	Kansas State University
KTA	VYATKA AVIA	Kirov Air Enterprise
KTB	TRANSBALTIKA	Transaviabaltika
KTC	DINARA	Kyrgyz Trans Avia
KTK	KATEKAVIA	Katekavia
KTL	KNOTTSBERRY	P & P Floss Pick Manufacturers
KTN	AERONAVIGACIYA	Aeronavigaciya
KTR	COPTER TRANS	HT Helikoptertransport
KTS	KOTAIR	Transair-Gyraintiee
KTV	KATAVIA	Kata Transportation
KUS	KUSWAG	National Airlines
KVK	PONTA	Olimp Air
KVR	KAVAIR	Alliance Avia
KVS	KEVIS	Kevis
KWA	VOZAIR	Vozdushnaya Academy
KWN	KWENA	Kwena Air
KWX	KAY DUB	Florida Aerocharter
KYC	DOLPHIN	Av Atlantic
KYD	SKYAD	Sky Messaging
KYE	SKY CUBE	Sky Lease Cargo
KYM	CRIMEA AIR	Krym
KYR	SKY AERONAUTICAL	Sky Aeronautical Services
KYV	AIRKIBRIS	Cyprus Turkish Airlines
KZE	KAZEUR	Euro-Asia Air International
KZM	CARZAM	Phoebus Apolloa Zambia
KZR	ASTANALINE	Air Astana
KZS	SPAKAZ	Kazaviaspas
KZU	KUZU CARGO	Kuzu Airlines Cargo
KZW	KHALIFA AIR	Khalifa Airways
LAA	LIBAIR	Libyan Arab Airlines
LAB	LAB	L.A.B. Flying Service
LAC	LOCKHEED	Lockeed Aircraft Corporation
LAD	LADCO AIR	Lebanon Airport Development Corporation
LAF	LATVIAN AIRFORCE	Latvian Air Force
LAG	AVILEG	Aviation Legacy
LAH	STAR SHIP	L A Helicopter
LAJ	BEE MED	British Mediterranean Airways
LAL	LAB AIR	Labrador Airways
LAM	MOZAMBIQUE	Linhas Aéreas de Moçambique
LAN	LAN CHILE	LATAM Chile
LAO	LAO	Lao Airlines
LAP	PARAGUAYA	TAM Mercosur
LAQ	LAT	Lebanese Air Transport
LAR	LAWRENCE	Lawrence Aviation
LAT	LEBANESE AIR	Lebanese Air Transport (charter)
LAU	SURAMERICANO	Líneas Aéreas Suramericanas
LAV	ALBASTAR	AlbaStar
LAY	LAYANG	Layang-Layang Aerospace
LAZ	BALKAN	Balkan Bulgarian Airlines
LBC	ALBANIAN	Albanian Airlines
LBH	LAKER BAHAMAS	Laker Airways (Bahamas)
LBI	ALBISA	Albisa
LBQ	LABQUEST	Quest Diagnostics
LBR	MOTION	Elbe Air Transport
LBT	NOUVELAIR	Nouvel Air Tunisie
LBW	ALBANWAYS	Albatros Airways
LBY	ALBAN BELLE	Belle Air
LCA	LECONTE	Leconte Airlines
LCB	BUSRE	LC Busre
LCC	LANCAIR	The Lancair Company
LCD	LINEAS AZTECA	Líneas Aéreas Azteca
LCG	CONGOLAISE	Lignes Aeriennes Congolaises
LCH	LYNCH AIR	Lynch Flying Service
LCM	LINEAS COMERCIALES	Líneas Aéreas Comerciales
LCN	CANEDO	Líneas Aéreas Canedo LAC
LCO	LAN CARGO	LATAM Cargo Chile
LCR	LIBAC	Libyan Arab Air Cargo
LCS	LEUCHARS	RAF Leuchars
LCT	TAR	TAR Aerolineas
LCY	LONDON CITY	London City Airport Jet Centre
LDA	LAUDA AIR	Lauda Air
LDE	LADE	LADE - Líneas Aéreas Del Estado
LDG	DURANGO	Aerolíneas Aéreas Ejecutivas De Durango
LDI	LAUDA ITALY	Lauda Air Italy
LDM	LAUDA MOTION	LaudaMotion
LDN	ALDONAS AIR	Al-Donas Airlines
LDR	AEROLIDER	Aero Lider
LEA	LEADAIR	Unijet
LEB	LEBAP	Lebap
LEC	LECA	Linex
LED	SWEEPER	Blom Geomatics
LEE	JAVELIN	RAF Leeming
LEG	LEGACY	The Army Aviation Heritage Foundation
LEJ	LEIPZIG FAIR	FSH Luftfahrtunternehmen
LEL	LEONAVIA	Leonsa De Aviación
LEN	LENTINI	Lentini Aviation
LEP	LAUGHLIN EXPRESS	Laughlin Express
LER	LASER	Línea Aérea de Servicio Ejecutivo Regional
LET	MEXEJECUTIV	Aerolíneas Ejecutivas
LEU	LIONSAIR	Lions-Air
LEX	LEX	L'Express Airlines
LFA	AIR ALFA	Air Alfa
LFC	LIFE FLIGHT CANADA	Aero Control Air
LFE	LUX EXPRESS	Luxflight Executive
LFI	AEROMED	National Airways Corporation
LFL	LIFE FLIGHT	Executive Air
LFO	LUFO	Deutsches Zentrum fur Luft-und Raumfahrt EV
LFP	ALFA SPACE	Alfa Aerospace
LFR	LANFREIGHT	Atlantic Airfreight Aviation
LFT	LIFTCO	Aerolift Company
LGA	LOGAIR	Logistic Air
LGC	LEGACY AIR	Legacy Air
LGD	LEGENDARY	Legend Airlines
LGL	LUXAIR	Luxair
LGN	AEROLAGUNA	Aerolaguna
LGT	LONGTAIL	Longtail Aviation
LGU	LAGUNA	Servicios Aéreos Ejecutivos De La Laguna
LGW	WALTER	Luftfahrtgesellschaft Walter
LHA	AIR CANTON	Longhao Airlines
LHB	FAMILY	Liebherr Geschaeftreiseflugzeug
LHC	MUSTANG	London Helicopter Centres
LHN	LONGHORN	Express One International
LHR	AL AHRAM	Al Ahram Aviation
LHS	ENTERPRISE LUHANSK	Luhansk
LHT	LUFTHANSA TECHNIK	Lufthansa Technik
LHX	CITYAIR	City Airlines
LIA	LIAT	Leeward Islands Air Transport
LIB	LIBELLE	Polizeihubschrauberstaffel Hamburg
LID	ALIDA	Alidaunia
LIE	AL DAWOOD AIR	Al-Dawood Air
LIF	LIFECARE	Rocky Mountain Holdings
LIJ	LINEAS JOSE	Líneas Aéreas San Jose
LIL	LITHUANIA AIR	FlyLal
LIN	AEROLIMOUSINE	Aerolimousine
LIR	LISLINE	Minsk Aircraft Overhaul Plant
LIS	LARISA	Eastern Express
LIV	LIVONIA	Air Livonia
LJA	AIR JAMAHIRIYA	Air Jamahiriya Company
LJY	ELJAY	L J Aviation
LKA	NAKLAO	Lao Central Airlines
LKD	LATCHAD	Lignes Aeriennes Du Tchad
LKL	LAKELAND	Lakeland Aviation
LKN	LANKAIR	Lankair
LKP	LAKE POWELL	American Aviation
LKR	LAKER	Laker Airways
LKS	AIRLIN	Airlink Solutions
LKW	TOPINTER	Top Sky International
LKY	LUCKY	Air Solutions
LLA	LEO LOPOZ	Servico Leo Lopex
LLB	LLOYDAEREO	Lloyd Aéreo Boliviano
LLC	SMALL PLANET	Small Planet Airlines
LLI	AURIGA	Small Planet Airlines
LLL	LAVIE	Lao Skyway
LLM	YAMAL	Yamal Airlines
LLO	APOLLO	Operation Enduring Freedom
LLP	SKYPOL	Small Planet Airlines
LLR	THAI SKY AIR	Thai Sky Airlines
LLS	SERVIESTRELLA	Servicios Aéreos Estrella
LLX	GERMANJET	Small Planet Airlines
LMA	AEROLIMA	Aerolima
LMC	LINEAS DECARGA	Línea Aérea Mexicana de Carga
LME	LIMAIR EXPRESS	Lignes Mauritaniennes Air Express
LMG	SOUTH AFRICAN	South African Air Force
LMJ	MASTERJET	Masterjet
LMK	LANDMARK	Grantex Aviation
LML	ALAMIA AIR	Alamia Air
LMN	LINEAS MONARCA	Líneas Aéreas Monarca
LMO	SKY HOLDINGS	Sky One Holdings as Privaira
LMP	AIR FLIGHT	Air Plus Argentina
LMR	LAMAIR	Lamra
LMS	LOMAS	Lomas Helicopters
LMT	ALMATY	Almaty Aviation
LMU	ALMASRIA	AlMasria Universal Airlines
LMX	LINEAS MEXICANAS	Aerolíneas Mexicanas J S
LMY	AGLEB	Air Almaty
LMZ	ALUNK	Air Almaty ZK
LNA	ELNAIR	Lnair Air Services
LNC	LANCANA	LAN Dominicana
LNE	AEROLANE	LATAM Airlines Ecuador
LNG	LIGHTNING	Lockheed Martin Aeronautics Company
LNI	LION INTER	Lion Air
LNK	LINK	Airlink
LNP	SAPSA	Línea Aérea SAPSA
LNT	LINEAINT	Aerolíneas Internacionales
LNX	LONEX	London Executive Aviation
LOD	LOGIC	Malmoe Air Taxi
LOF	WATERSKI	Trans States Airlines
LOG	LOGAN	Loganair
LOK	ALOK AIR	Alok Air
LOP	LINTON ON OUSE	RAF Linton-on-Ouse
LOR	LEO CHARTER	Leo-Air
LOS	LOSSIE	RAF Lossiemouth
LOT	POLLOT	LOT Polish Airlines
LOU	AIR SAINTLOUIS	Air Saint Louis
LOV	LOVEAIR	London Flight Centre (Stansted)
LPA	LINEASPAL	Pal Aerolíneas
LPC	NETSTAR	Alpine Aviation
LPD	LEOPARD	UK Royal/HRH Duke of York
LPE	LANPERU	LATAM Peru
LPL	LEASE A PLANE	Lease-a-Plane International
LPN	LAOAG AIR	Laoag International Airlines
LPR	LAPA	Líneas Aéreas Privadas Argentinas
LPV	ALPAV	Air Alps Aviation
LRA	LITTLE RED	Little Red Air Service
LRB	LADY RACINE	L R Airlines
LRC	LACSA	LACSA
LRD	LAREDO AIR	Laredo Air
LRO	ALROSA	Alrosa-Avia
LRR	LORRAINE	Lorraine Aviation
LRW	AL RIDA	Al Rida Airways
LSA	INTERNACIONAL	LANSA
LSC	CEDROS	Los Cedros Aviación
LSK	AURELA	Aurela
LSP	AIR TONY	Spectrum Aviation Incorporated
LSR	ALSAIR	Alsair
LSS	LONE STAR	Lone Star Airlines
LSU	LAUS AIR	Laus
LSY	LINDSAY AIR	Lindsay Aviation
LTA	LANTRA	Trans Atlantis
LTC	LATCHARTER	LatCharter
LTD	LIGHT SPEED	Executive Express Aviation/JA Air Charter
LTE	FUN JET	LTE International Airways
LTF	GARFIELD	Lufttaxi Fluggesellschaft
LTG	TAM CARGO	ABSA Cargo
LTI	LATINO	Aerotaxis Latinoamericanos
LTL	LITTORAL	Benin Littoral Airways
LTO	BILLA TRANSPORT	LTU Austria
LTR	LUFT TRANSPORT	Lufttransport
LTS	SPECAIR	Flight Inspections and Systems
LTU	LTU	LTU International
LTW	TWENTAIR	Luchtvaartmaatschappij Twente
LTY	SKYDECK	Liberty Air
LUC	ALBINATI	Albinati Aeronautics
LUK	LUKOIL	LUKoil-Avia
LUR	ATLANTIS	Atlantis European Airways
LUT	LUGO	Luft Carago
LUV	REALLY COOL AIRLINE	Really Cool Airlines
LUZ	LISBON JET	Luzair
LVB	SILVERBIRD	IRS Airlines
LVD	AIR SANTE	Luftfahrt-Vermietungs-Dienst
LVG	LIVINGSTON	Livingston Energy Flight
LVL	LEVEL	Level
LVN	ALIVEN	Aliven
LVR	AVIAVILSA	Aviavilsa
LVT	TAXIVALENCIANA	La Valenciana Taxi Aéreo
LWA	LIBYAN WINGS	Libyan Wings
LWD	LEISURE WORLD	Leisure Air
LWG	LUXWING	Luxwing
LWL	CUB DRIVER	Lowlevel
LXA	RED LION	Luxaviation
LXF	LYNX FLIGHT	Lynx Air International
LXG	LUXOR GOLF	Air Luxor GB
LXJ	FLEXJET	Bombardier Business Jet Solutions
LXP	LANEX	LATAM Express
LXR	AIRLUXOR	Air Luxor
LXW	LANEXANG	Lanexang Airways International
LYB	HIGHLANDS	Lynden Air Cargo
LYC	LYNDEN	Lynden Air Cargo
LYD	LYDDAIR	Lydd Air
LYF	LITHUANIAN AIRFORCE	Lithuanian Air Force
LYH	HELIGUYANE	Yankee Lima Helicopteres
LYM	KEY LIME	Key Lime Air
LYN	ALTYN AVIA	Kyrgyzstan
LYT	APATAS	Apatas Air
LYW	LIBYAN AIRWAYS	Libyan Airlines
LYX	LYNX AIR	Lynx Aviation
LZA	AEROLANZA	Lanza Air
LZB	FLYING BULGARIA	Bulgaria Air
LZF	SKYLEASE	Lease Fly
LZP	DOC AIR	Air Ban
LZR	LAZUR BEE GEE	Air Lazur
LZT	BARAKA	Lanzarote Aerocargo
MAA	MAS CARGA	MasAir
MAB	MILLARDAIR	Millardair
MAC	ARABIA MAROC	Air Arabia Maroc
MAD	MAPLE AIR	Maple Air Services
MAE	MALI AIREXPRESS	Mali Air
MAF	MISSI	Mission Aviation Fellowship
MAH	MALEV	Malév Hungarian Airlines
MAI	MAX AVIA	Max Avia
MAJ	MAGIC AIR	Majestic Airlines
MAK	MAKAVIO	MAT Macedonian Airlines
MAL	MORNINGSTAR	Morningstar Air Express
MAM	AEROMAN	Aeródromo De La Mancha
MAN	MANNION	Mannion Air Charter
MAQ	MAC AVIATION	Mac Aviation
MAR	MARCH	March Helicopters
MAS	MALAYSIAN	Malaysia Airlines
MAT	MAINE AV	Maine Aviation
MAU	AIRMAURITIUS	Air Mauritius
MAV	MINOAN	Minoan Air
MAW	MUSTIQUE	Mustique Airways
MAX	MAX AVIATION	Max-Aviation
MAZ	MINES	Mines Air Services Zambia
MBA	AVAG AIR	Avag Air
MBB	AIR MANAS	Air Manas
MBC	MABECO	Airjet Exploração Aérea de Carga
MBE	MARTIN	Martin-Baker
MBG	CHALGROVE	Zephyr Aviation
MBI	MOUNTAIN BIRD	Mountain Bird
MBL	FIRST CITY	First City Air
MBN	ZAMBIANA	Zambian Airways
MBO	MOBIL	Mobil Oil
MBR	BRAZILIAN NAVY	Brazilian Navy Aviation
MBS	MBACHI AIR	Mbach Air
MBV	AEREM	Aeriantur-M
MCB	WESTMID	Air Mercia
MCC	DISCOVERY	MCC Aviation
MCD	AIR MED	Air Medical
MCE	MARSHALL	Marshall Aerospace
MCF	MAC FOTO	MAC Fotografica
MCG	MEDICOPTER	SOS Helikoptern Gotland
MCH	MACLINE	McAlpine Helicopters
MCJ	JETMAC	Avianca Argentina
MCL	MEDIC	Medical Aviation Services
MCM	HELI AIR	Heli-Air-Monaco
MCN	MAC DAN	Mac Dan Aviation Corporation
MCO	MARCOS	Aerolíneas Marcos
MCP	MARCOPOLO	Marcopolo Airways
MCS	MACAIR	Macedonian Airlines
MCT	TRANS CORTES	Transportación Aérea Del Mar De Cortés
MCV	MTC AVIACION	MTC Aviación
MCX	MAURICARGO	Cargo Express
MCY	MERCY	Ambulance Air Africa
MDA	MANDARIN	Mandarin Airlines
MDB	MONDEAIR CARGO	Monde Air Charters
MDC	NIGHT SHIP	Atlantic Aero and Mid-Atlantic Freight
MDE	MAURI TRANS	Mauritanienne De Transport Aerien
MDF	MED FREIGHT	Mediterranean Air Freight
MDG	AIR MADAGASCAR	Air Madagascar
MDH	MADINA AIR	Madina Air
MDJ	JETRAN AIR	Jetran Air
MDL	MANDALA	Mandala Airlines
MDM	MEDAVIA	Medavia
MDR	AEROPLANOS	Compania Mexicana De Aeroplanos
MDS	MID SOUTH	McNeely Charter Services
MDT	MIDNIGHT	Sundt Air
MDV	MOLDAVIAN	Moldavian Airlines
MDW	MIDWAY	Midway Airlines (1976–1991)
MDX	MEDAIR	Aerosud Charter
MEA	CEDAR JET	Middle East Airlines
MEC	MERCAIR	Mercury Aircourier Service
MED	MEDICAL	Ontario Ministry of Health
MEE	ELIMEDITERRANEA	Elimediterranea
MEF	EMPENNAGE	Air Meridan
MEI	AVALON	Merlin Airways
MEJ	MEDJET	Medjet International
MEK	MED TRANS	Med-Trans of Florida
MEL	MEGA AIR	Mega Linhas Aéreas
MEM	MERIDIAN CHERRY	Meridian Limited
MEP	MIDEX	Midwest Airlines
MER	METHOW	Methow Aviation
MES	MESABA	Mesaba Airlines
MET	METMAN	Meteorological Research Flight
MEX	EAGLE EXPRESS	Metro Express
MEY	MELODY	Justair Scandinavia
MFA	SEAHORSE	Martyn Fiddler Associates
MFB	MOUNTAINHELI	Mountain Flyers 80
MFC	EAST WIND	Moncton Flying Club
MFL	MCFLY	Aero McFly
MFR	MIDLINE FREIGHT	Midline Air Freight
MFS	MILLER TIME	Miller Flying Services
MFT	YORKAIR	Multiflight
MFZ	MOFAZ AIR	Mofaz Air
MGA	MAG AVACION	MG Aviación
MGB	MOCKINGBIRD	Coulson Flying Service
MGE	MAGELLAN	Asia Pacific Airlines
MGG	ELMAGAL	Elmagal Aviation Services
MGI	MARGHI	Marghi Air
MGK	MEGLA	Mega
MGL	MONGOL AIR	MIAT Mongolian Airlines
MGM	AERO EMM GEE EMM	Transporte Aero MGM
MGO	MANGO	Punto Fa
MGR	MAGNA AIR	Magna Air
MGS	AEROMAGAR	Aeromagar
MGX	MONTENEGRO	Montenegro Airlines
MHA	MOUNTAIN HIGH	Mountain High Aviation
MHC	AERO JOMACHA	Aero Jomacha
MHD	YAS AIR	Yas Air Kish
MHF	AIR MARITIME	Maritime Helicopters
MHL	HASSIMAIR	Meridian Airlines
MHN	MANHATTAN	Manhattan Air
MHQ	HELICARE	Skargardshavets Helikoptertjanst
MHS	AIR MEMPHIS	Air Memphis
MHU	MEPHIS UGANDA	Air Memphis
MHV	SNOWCAP	MHS Aviation GmbH
MIA	MAURIA	Mauria
MIC	MINT AIRWAYS	Mint Airways
MIE	AEROPREMIER	Aero Premier De Mexico
MIF	MIRAS	Miras
MIG	MIG AVIA	Russian Aircraft Corporation-MiG
MIM	MIMINO	Mimino
MIR	MIRAMICHI	Miramichi Air Service
MIS	MIDSTATE	Midstate Airlines
MIT	MATCO	Flight Line
MIZ	MILAZ	Desarrollo Milaz
MJB	MAGIC BLUE	Magic Blue Airlines
MJC	AIR MANDA	Mandarin Air
MJF	EM EXPRESS	MJET
MJL	MOLDJET	Jet Line International
MJM	ELCO ETI	Eti 2000
MJN	MAJAN	Royal Air Force of Oman
MJR	MAJOR	Midamerica Jet
MJT	MEJETS	Mex-Jet
MKA	KRUGER AIR	MK Airline
MKG	MEKONG	Air Mekong
MKH	AIR MARRAKECH	Air Marrakech Service
MKK	AEROKEY	Malaya Aviatsia Dona
MKL	MCCALL	McCall Aviation
MKN	MEKONG AIRLINES	Mekong Airlines
MKO	GOSHAWK	Markoss Aviation
MKS	MIKISEW	Pimichikamac Air
MKY	MONKY	Monky Aerotaxis
MLA	MILE AIR	40-Mile Air
MLB	MANAF	Manaf International Airways
MLC	MALILA	Malila Airlift
MLD	AIR MOLDOVA	Air Moldova
MLE	MOLDAERO	Moldaeroservice
MLF	AMAL	Amal Airlines
MLH	MAHALO	Mahalo Air
MLI	AIR MALI	Air Mali
MLK	NIGERJET	Millennium Air
MLL	MALLORCA	Aeroclub de Mallorca
MLM	LUXMALTA	Comlux Malta
MLN	AIR MADELEINE	Air Madeleine
MLO	MILENIO	Servicios Aéreos Milenio
MLR	MIHIN LANKA	Mihin Lanka
MLS	MALL AIRWAYS	Mall Airways
MLU	MALI LOSINJ	Zracno Pristaniste Mali Losinj
MLV	MULTI VALLE	Multiservicios Aereos Del Valle
MLX	MALAWI EXPRESS	Malawi Express
MMA	MYANMAR	Myanmar Airways International
MMC	AERMARCHE	Aermarche
MMD	MERMAID	Air Alsie
MMG	RUTA MAYA	Aereo Ruta Maya
MMH	NIGHT RIDER	McMahon Helicopter
MMI	ITALIAN NAVY	Italian Navy
MMJ	MACAUJET	Macau Jet International
MML	TRANS MONGOLIA	Hunnu Air
MMM	AVIAMERIDIAN	Aviation Company Meridian
MMP	AMP INC	AMP Incorporated
MMR	MUSRATA AIR	Musrata Air Transport
MMS	MUSAAD AIR	SAAD (A320) Limited
MMX	PERUMAX	Airmax
MMZ	EUROATLANTIC	EuroAtlantic Airways
MNA	MERPATI	Merpati Nusantara Airlines
MNB	BLACK SEA	MNG Airlines
MNC	MUNCIE	MIT Airlines
MNE	AEROAMANECER	Aerolíneas Amanecer
MNG	AERO MONGOLIA	Aero Mongolia
MNH	MONARCH AIR	Monarch Airlines
MNI	AEROMIL	Aeromilenio
MNJ	MENAJET	Menajet
MNL	MINILINER	Miniliner
MNO	TULCA	Mango
MNR	TEEMOL	Mann Air
MNS	MINISTIC	Ministic Air
MNT	MONTSERRAT	Montserrat Airways
MNU	MAINER	Elite Airways
MNV	NAVALE	Mauritanienne Aerienne Et Navale
MNX	MANX	Manx Airlines
MNY	MOONEY FLIGHT	Mooney Aircraft Corporation
MNZ	MURMAN AIR	Murmansk Aircompany
MOC	MONARCH CARGO	Air Monarch Cargo
MOH	MOTH	Tigerfly
MON	MONARCH	Monarch Airlines
MOP	PUBLICITARIA	Aeropublicitaria De Angola
MOR	AEROMORELIA	Aerolíneas De Morelia
MOV	MOV AIR	VIM Airlines
MOW	MOHAWK AIR	Mohawk Airlines
MPA	MID PAC	Mid-Pacific Airlines
MPC	MOUNTAIN PACIFIC	Mountain Pacific Air
MPD	RED COMET	Air Plus Comet
MPH	MARTINAIR	Martinair
MPI	MOSPHIL	Mosphil Aero
MPJ	MAPJET	MAP-Management and Planung
MPO	AMPARO	Transportes Aéreos Amparo
MPS	METRO REGIONAL	Metropolis
MPT	MIAPET	Miapet-Avia
MPX	AEROMEXPRESS	Aeromexpress
MQT	MUSKETEER	Air ITM
MRA	MARTEX	Martinaire
MRD	MERIDIAN	Meridian Air Cargo
MRE	MED RESCUE	Namibia Commercial Aviation
MRF	MAUR FRET	Mauritanienne Air Fret
MRG	MANAG'AIR	MANAG'AIR
MRH	MARHAM	RAF Marham
MRI	MORITANI	Servicios Aéreos Moritani
MRK	MARKAIR	Markair
MRL	AEROMORELOS	Aeromorelos
MRM	MARITIME	Aerocharter
MRN	MARIANNE	Missions Gouvernemtales Francaises
MRO	MORRISON	Morrison Flying Service
MRP	ABAS	Abas
MRR	MARINER	San Juan Airlines
MRT	MIKE ROMEO	Air Mauritanie
MRW	AVIAMARS	Mars RK
MRX	SPEEDMARK	Herman's Markair Express
MRY	AIR MARINE	Air Marine
MRZ	MARS	Medical Air Rescue Services
MSA	AIRMERCI	Poste Air Cargo
MSC	AIR CAIRO	Air Cairo
MSF	MAXESA	Max Sea Food
MSG	SAR REGIONAL	Servico Aéreo Regional
MSH	MARSHALAIR	US Marshals Service
MSI	MOTOR SICH	Motor Sich Airlines
MSJ	MAGNUM AIR	Magnum Air
MSK	AIR SPORT	Air Sport
MSL	MARSLANDAIR	Marsland Aviation
MSM	AEROMAS EXPRESS	Aeromas
MSN	MISIONAIR	Missionair
MSO	MESO AMERICANAS	Aerolíneas Mesoamericanas
MSP	SEGURIDAD	Servicio De Vigilancia Aérea Del Ministerio De Seguridad Pública
MSQ	META	Meta Linhas Aéreas
MSR	EGYPTAIR	Egyptair
MSS	WASATCH	Morris Air Service
MSV	AERAFKAM	Aero-Kamov
MSW	MASTER AIRWAYS	Master Airways
MSX	EGYPTAIR CARGO	Egyptair Cargo
MSY	MASSEY	Massey University School of Aviation
MTA	GAK AVIATION	GAK/Mitchell Aero
MTB	AEROMETROPOLIS	Aerotaxis Metropolitanos
MTC	MOUNTAIN LEONE	Mountain Air Company
MTE	AEROMET	Aeromet Línea Aérea
MTH	RESEARCH	Massachusetts Institute of Technology
MTI	MONTERREY AIR	Monerrey Air Taxi
MTJ	METROJET	Metrojet
MTK	AIRMETACK	Air Metack
MTL	MITAVIA	RAF-Avia
MTN	MOUNTAIN	Mountain Air Cargo
MTO	MARATHON	Marathon Airlines
MTP	METROCOPTER	Island Helicopters
MTR	METRO	Metroflight
MTS	MANTRUST	Mantrust Asahi Airways
MTU	BLUE RAIDER	Middle Tennessee State University
MTV	MOUNTAIN VALLEY	Mountain Valley Air Service
MTX	MULTITAXI	Multi Taxi
MTY	MONTY	Air Montegomery
MTZ	MALI AIRWAYS	Mali Airways
MUA	MURRAY AIR	Murray Air
MUI	MAUI	Trans Air
MUL	MUKULELE	Mokulele Airlines
MUN	AEROMUNDO	Aeromundo Ejecutivo
MUR	MURI	Aerolínea Muri
MVA	VALAIR	Mississippi Valley Airlines
MVD	AIR MINVODY	Kavminvodyavia
MVG	MOLDOVA STATE	Moldova
MVK	MAVRIK	Helicopter Training & Hire
MVL	MAVIAL	Mavial Magadan Airlines
MVM	PEGASUS	Air Cargo America
MVN	MARVIN	Marvin Limited
MVR	MAV AIR	Maverick Airways
MWG	MASWINGS	MASwings
MWI	MALAWIAN	Malawian Airlines 2014
MWM	MODERNAIR	Modern Transporte Aereo De Carga
MWR	RASLAN	Raslan Air Service
MWS	MALTA WINGS	Malta Wings
MWT	MIDWEST	Midwest Aviation Division
MWY	MAURITANIENNE	Mauritanienne Airways
MXA	MEXICANA	Mexicana de Aviación
MXB	MEX BLUE	Mex Blue
MXC	MEXICARGO	Mexicargo
MXD	MALINDO EXPRESS	Malindo Airways
MXE	MOZAMBIQUE EXPRESS	Mocambique Expresso
MXF	MAXFLIGHT	Maximum Flight Advantages
MXJ	MAX JET	Maxjet Airways
MXL	MAXAIR	Maxair
MXO	MAXAERO	Aerotaxi Mexicano
MXP	BEECHNUT	May Air Xpress
MXQ	MEXIQUENSES	Transportes Aéreos Mexiquenses
MXS	MAXSUS AVIA	Maxsus-Avia
MXT	TRANSMEX	México Transportes Aéreos
MXU	CARGO MAX	Maximus Air Cargo
MXX	MERCHANT	Merchant Express Aviation
MXY	MOXY	Breeze Airways
MYA	MYFLUG	Myflug
MYD	MYLAND	Maya Island Air
MYI	MAYAIR	Mayair
MYM	MYAIR	MYAirline
MYO	MAYORAL	Dominguez Toledo (Grupo Mayoral)
MYP	MANN ROYAL	Mann Yadanarpon Airlines
MYS	AERO YAQUI	Aero Yaqui Mayo
MYT	KESTREL	MyTravel Airways
MYW	MYSKY	MyWay Airlines
MYX	TALLINN CAT	SmartLynx Airlines Estonia
MZA	IRTYSH AIRLINES	Irtysh Air
MZL	MONTES AZULES	Aerovías Montes Azules
MZS	MAHFOOZ	Mahfooz Aviation
NAA	NORUEGA	Norwegian Air Argentina
NAC	YUKON	Northern Air Cargo
NAD	SEULAWAH	Seulawah Nad Air
NAE	NATIONS EXPRESS	Nations Air Express Inc
NAF	NETHERLANDS AIR FORCE	Royal Netherlands Air Force
NAH	NAHANNI	Nahanni Air Services Ltd
NAI	NORTH ADRIA	North Adria Aviation
NAJ	JET GROUP	North American Jet Charter Group
NAK	ENAC SCHOOL	École Nationale de l'Aviation Civile
NAL	NORTHWAY	Northway Aviation Ltd
NAM	MANITOBA	Nortland Air Manitoba
NAN	NORSHIP	Norwegian Air Norway
NAO	NORTH AMERICAN	North American Airlines
NAP	NAPIER	Napier Air Service Inc
NAR	NIGHT AIR	Air Continental Inc
NAS	NASAIRWAYS	Nasair
NAT	MASS AIR	North Atlantic Air Inc
NAU	DANAUS	Danaus Lineas Aereas
NAV	NAV DISPATCH	Nav Flight Planning
NAY	NAYSA	Navegación Servicios Aéreos Canarios S.A.
NAZ	NAZAS	Servicios Aéreos del Nazas S.A. de C.V.
NBE	NAKAIR	Novosibirsk Aviaenterprise
NBK	AL AIR	Albarka Air
NBL	NOBIL AIR	Nobil Air
NBN	TEESAIR	North British Airlines
NBR	NORBROOK	Haughey Air
NBS	NIMBUS	Nimbus Aviation
NBT	LONGSHIP	Norse Atlantic Airways
NCA	NIPPON CARGO	Nippon Cargo Airlines
NCB	NORTH CARIBOU	North Caribou Flying Service Ltd
NCE	TOP HAT	Northcoast Executive Airlines
NCF	COUNTY	Norfolk County Flight College
NCG	NETHERLANDS COASTGUARD	Nederlandse Kustwacht
NCH	CHANCHANGI	Chanchangi Airlines
NCL	ANCARGO AIR	ACA (Ancargo Air)
NCM	AIR BANE	Nas Air
NCN	NICON AIRWAYS	Nicon Airways
NCO	NATALCO	Natalco Air Lines
NCP	CAPITAL SHUTTLE	Capital Airlines Limited
NCR	NATIONAL CARGO	National Air Cargo dba National Airlines
NCS	COMMUTER CANADA	Simpson Air Ltd
NCT	PETE AIR	Pete Air
NDA	NORTHERN DAKOTA	Northern Airways
NDC	NORDIC	FlyNordic
NDF	NAMIBIAN AIR FORCE	Namibian Defence Force
NDU	SIOUX	University of North Dakota
NEA	NEW ENGLAND	New England Airlines
NEB	NEBRASKA	State of Nebraska
NEC	NECON AIR	Necon Air
NEE	NORTHEAST	Northeast Airlines
NEF	NORDEX	Nord-Flyg
NEG	AGUAS NEGRAS	Línea Aérea de Fumig Aguas Negras
NEJ	NET BUSINESS	Netjets Business Aviation
NEL	AEROLAREDO	Aero Servicios de Nuevo Laredo
NEN	NORTHEAST SWAN	North-East Airlines
NER	NEWAIR	Air Newark
NES	NORDESTE	Nordeste Linhas Aéreas Regionais
NET	NETWORK	Network Aviation Services
NEW	MEADOW FLIGHT	Northeastern Aviation
NEX	NEATAX	Northern Executive Aviation
NEZ	ENGAIR	New England Air Express
NFA	NORTH FLYING	North Flying
NFC	NORTH ATLANTIC	North Atlantic Cargo
NFL	GREAT LAKES	Northaire Freight Lines
NFT	NEFTEAVIA	Nefteyugansk Aviation Division
NGA	NIGERIA	Nigeria Airways
NGC	ANGOSERVICE	Angoservice
NGE	ANGEL AIR	Angel Airlines
NGF	ANGEL FLIGHT	Angel Flight America
NGK	ORIENTAL BRIDGE	Oriental Air Bridge
NGO	AIR ANGOL	Air-Angol
NGP	REGAL EAGLE	Air Nigeria
NGR	NIGERIAN AIRFORCE	Nigerian Air Force
NGV	ANGOAVIA	Angoavia
NGX	AIR GLOBAL	Nigerian Global
NHC	NORTHERN	Northern Helicopter
NHG	HELGA	NHT Linhas Aéreas
NHK	NIGHTHAWK	Federal Aviation Administration
NHL	NORTHUMBRIA	Northumbria Helicopters
NHR	NUEVO HORIZONTE	Nuevo Horizonte Internacional
NHT	NEWHEIGHTS	New Heights 291
NHZ	NADA AIR	Nada Air Service
NIA	NILE BIRD	Nile Air
NIC	ILLINOIS COMMUTER	Northern Illinois Commuter
NID	AERONI	Aeroni
NIE	AERONIETO	Aeroejecutiva Nieto
NIG	AEROLINE	Aero Contractors
NIH	NAM	NAM Air
NIN	NURVINDO	Nurman Avia Indopura
NIR	NORSEMAN	Norsk Flytjeneste
NIS	NICA	Nicaragüense de Aviación
NIT	NIGHTTRAIN	Midwest Aviation
NJA	SHIN NIHON	New Japan Aviation
NJC	NASHVILLE JET	Nashville Jet Charters
NJE	FRACTION	NetJets Europe
NJS	NATIONAL JET	National Jet Systems
NKF	NORDFLIGHT	Barents AirLink
NKL	NAKHEEL	Nakheel Aviation
NKP	ABAKAN AIR	Abakan Air
NKS	SPIRIT WINGS	Spirit Airlines
NKV	AIR NIKOLAEV	Nikolaev-Air
NKY	AEROMON	Aeromonkey
NKZ	NOVOKUZNETSK	Aerokuzbass
NLA	NEILTOWN AIR	Neiltown Air
NLC	NELAIR	Nelair Charters
NLG	NELCARGO	NEL Cargo
NLH	NORSTAR	Norwegian Long Haul
NLK	ELAVIA	Elbrus-Avia Air Enterprise
NLL	NORTHAFRICAN AIR	Northafrican Air Transport
NLS	PANDER	Nationale Luchtvaartschool
NLT	NALAIR	Newfoundland Labrador Air Transport
NLW	NILE WINGS	Nile Wings Aviation Services
NLY	FLYNIKI	Niki
NMA	NESMA	Nesma Airlines
NMB	NAMIBIA	Air Namibia
NMD	NOMAD AIR	Nomad Aviation
NMI	TSUNAMI	Pacific Wings
NML	NEWMILL	Gambia New Millennium Air
NOA	NORONTAIR	Norontair
NOC	NORCOPTER	Norcopter
NOF	FONNA	Fonnafly
NOH	NORTHOLT	No. 32 (The Royal) Squadron
NOK	NOK AIR	Nok Air
NOL	NAT AIRLINE	National Overseas Airlines Company
NON	SERVICIOS LATINO	Servicios Aéreos Latinoamericanos
NOR	NORSKE	Norsk Helikopter
NOS	MOONFLOWER	Neos
NOT	COSTA NORTE	Línea Aérea Costa Norte
NOV	NOVANILE	Nova Airways
NOW	NORWEGIAN	Royal Norwegian Air Force
NOY	NOY AVIATION	Noy Aviation
NOZ	NORDIC	Norwegian Air Shuttle
NPC	NORPAC	Western Air Couriers
NPL	AIR NEPAL	Air Nepal International
NPO	NOVSIB	Novosibirsk Aviation Production Association
NPT	NEPTUNE	West Atlantic UK
NPX	NORTHEAST EXPRESS	Northeast Aviation
NRC	NORTH SEA	North Sea Airways
NRD	NORTH RIDER	Nordic Regional
NRE	AVIONES ARE	Aviones Are
NRG	ENERGY	Ross Aviation
NRK	NATURELINK	Naturelink Charter
NRL	NOLINOR	Nolinor Aviation
NRN	NETHERLANDS NAVY	Royal Netherland Navy
NRO	AEROMASTER	Aero Rent JSC
NRP	AERONORD	Aeronord-Grup
NRR	NATUREAIR	Natureair
NRS	NORTH SLOPE	Atlantic Richfield Company
NRT	NORESTAIR	Norestair
NRV	NORVAN	North Vancouver Airlines
NRW	HUMMEL	Polizeifliegerstaffel Nordrhein-Westfalen
NRX	NORSE AIR	Norse Air Charter
NRZ	MONARREZ	Servicios Aéreos Monarrez
NSA	NILE SAFARIS	Nile Safaris Aviation
NSC	TRANS SOCIETE	Societe De Transport Aerien De Mauritanie
NSE	SATENA	SATENA
NSF	NORTON	Northamptonshire School of Flying
NSK	INTERSALONIKA	Air Intersalonika
NSL	NERICAIR	Neric
NSM	THUNDERCLOUD	Global Jet Corporation
NSO	SOSA	Aerolíneas Sosa
NSP	NARPAIR	Novosibirsk Aircraft Repairing Plant
NSR	AIR STAR	Nine Star Airways
NSS	NORTHSTAR	Northstar Aviation
NSZ	REDNOSE	Norwegian Air Sweden
NTA	THUNDERBIRD	Northern Thunderbird Air
NTB	SERVINORTE	Servicios Aéreos Del Norte
NTC	NIGHT CHASE	Gibson Aviation
NTE	INTERMEX	Interaire
NTG	INTEGRALES	Servicios Integrales De Aviación
NTH	NORTH AIR	Hokkaido Air System
NTJ	NEXTJET	NextJet
NTK	NATCA	National Air Traffic Controllers Association
NTL	AIR ANATOLIA	Air Anatolia
NTR	NITRO	TNT International Aviation
NTS	NITE STAR	Cirrus Air
NTT	INTER TROPIC	Inter Tropic Airlines
NTV	INTER IVOIRE	Air Inter Ivoire
NTW	NATIONWIDE	Nationwide Airlines
NTX	NORTAX	Northern Jet Management
NUB	VALLETTA	Nomad Aviation
NUL	SERVICIOS NUEVOLEON	Aeroservicios De Nuevo Leon
NUN	NUNASI	Nunasi-Central Airlines
NVC	NAV CAN	Nav Canada
NVD	NORDVIND	Avion Express
NVG	SADKO AVIA	Novgorod Air Enterprise
NVI	NEW AVIAL	Avial NV Aviation Company
NVJ	NOUVINTER	Fly International Airways
NVK	VARTOSKAVIA	Nizhnevartovskavia
NVL	NAVLINES	Navigator Airlines
NVM	NAVIERA	Naviera Mexicana
NVQ	NOVO AIR	Novo Air
NVR	NAVIGATOR	Novair
NVY	NAVY	Royal Navy
NWA	NORTHWEST	Northwest Airlines
NWD	NEW WORLD	New World Jet Corporation
NWG	NORWING	Airwing
NWL	NORTHWRIGHT	North-Wright Airways
NWN	NORTHWINDS	Northwinds Northern
NWS	NORDLAND	Nordwind Airlines
NWT	TERRITORIAL	Northwest Territorial Airways
NWW	HALANT	North West Airlines
NWZ	ZAMNAT	Nationwide Airlines (Zambia)
NXA	BLUE DOLPHIN	Air Next
NXF	NEXTFLIGHT	Nextflight Aviation
NXS	NEXUS AVIATION	Nexus Aviation
NXT	NATIONAL FREIGHT	National Express
NYA	NANYAH	Nanyah Aviation
NYB	BELGIAN NAVY	Belgian Navy
NYH	NEW YORK	New York Helicopter
NYL	NILE	Mid Airlines
NYS	NYASA	Nyasa Express
NYT	YETI AIRLINES	Yeti Airlines
NZM	MOUNTCOOK	Mount Cook Airline
OAC	ORIENTAL AIR	Oriental Airlines
OAD	ORSCOM	Orscom Tourist Installations Company
OAE	OMNI EXPRESS	Omni Air International
OAL	OLYMPIC	Olympic Air
OAO	DVINA	Arkhangelsk 2 Aviation Division
OAP	COAPA	COAPA AIR
OAR	BOSS AIR	ONE AIR
OAV	OMNI	Omni - Aviacao e Tecnologia
OAW	HELVETIC	Helvetic Airways
OBA	AEROBANANA	Aerobanana
OBK	AMAKO AIR	Amako Airlines
OCA	AROSCA	Aserca Airlines
OCE	HELIOCEAN	Heliocean
OCM	OCONNOR	O'Connor Airlines
OCN	OCEAN	Discover Airlines
OCO	AIR COLLEGE	Ostend Air College
OCS	OCEANSKY	Ocean Sky UK
ODI	ODINN	Jonsson, H Air Taxi
ODS	ODESSA AIR	Odessa Airlines
ODY	ODYSSEY	Odyssey International
OEA	ORIENT THAI	Orient Thai Airlines
OEC	CHRISTOPHORUS	
OED	ORION CHARTER	Orion Air Charter
OES	ART AUSTRIA	ART Aviation
OFA	OFAVI	Helitaxi Ofavi
OFF	CHALLENGE AIR	Challenge International Airlines
OGI	AEROGISA	Aerogisa
OGJ	BAKO AIR	Bakoji Airlines Services
OGN	ORIGIN	Origin Pacific Airways
OHK	OASIS	Oasis Hong Kong Airlines
OHY	ONUR AIR	Onur Air
OIX	ORIONIX	Orion-x
OJY	OHJAY	Florida Air
OKA	OKAYJET	Okay Airways
OKJ	OKADA AIR	Okada Airlines
OKL	OKLAHOMA	Oklahoma Department of Public Safety
OKP	OKAPI	Okapi Airways
OKS	SLOK GAMBIA	Slok Air Gambia
OKT	SOKO AIR	Soko Aviation
OLA	OVERLAND	Overland Airways
OLC	SOLARCARGO	Solar Cargo
OLE	OPERADORA	Operadora de Lineas Ejecutivas
OLO	SOLO	Soloflight Aviation
OLR	COLAEREOS	Colaéreos
OLT	OLTRA	OLT Express Germany
OLV	OLVE	Aerolíneas Olve
OLX	OLIMEX	Olimex Aerotaxi
OLY	OLAVIA	Olympic Aviation
OMA	OMAN AIR	Oman Air
OMD	NOMADIC	Nomadic Aviation Group LLC
OMF	OMNIFLYS	Omniflys
OMG	OMEGA	Aeromega
OML	MAMBRA	Organizacoes Mambra
OMN	SERVIOMNIA	Servicios Aereos Ominia
OMR	ORMINE	Minair
OMS	MAZOON	SalamAir
ONE	OCEAN AIR	Avianca Brasil
ONG	SONNIG	Sonnig SA
ONI	OMNI TRAINING	OMNI AVIATION TRAINING CENTER
ONR	EDER	Air One Nine
ONS	AIR DREAMS	One Airlines
ONT	ONTARIO	Air Ontario
OOM	ZOOM	Zoom Airlines
OOT	OOTBAS	Out Of The Blue Air Safaris
OPC	OPTIC	Krystel Air Charter
OPS	OPS JET	Jet-Ops
OPT	OPTIONS	Flight Options
OPV	OPERADORA DE VUELOS	Operadora de Veulos Ejectutivos
ORA	LONG ISLAND	Long Island Airlines
ORB	ORENBURG	Orenburg Airlines
ORD	ORANGE SERVICES	Orange Air Services
ORE	ORANGE AVIATION	Orange Aviation
ORF	OMAN	Oman Royal Flight
ORJ	ORANGE SIERRA	Orange Air Sierra Leone
ORK	ORCA TAXI	Orca Air
ORL	ON AIR	On Air Limited
ORM	ORPRISE	Orel State Air Enterprise
ORN	ORIENT LINER	Orient Airways
ORO	CAPRI	C N Air
ORP	CORPSA	Aerocorp
ORR	TURISTICA AURORA	Operadora Turistica Aurora
ORS	AVIATION SERVICE	Action Air
ORT	SKYWALKER	Ortac
ORX	OREX	Orbit Express Airlines
ORZ	ZOREX	Zorex
OSH	OSH AVIA	Osh Avia
OSL	SOSOLISO	Sosoliso Airlines
OSN	AEROSAN	Aerosan
OSS	NOTICIOSOS	Servicios Aéreos Noticiosos
OST	OSTATE	Oklahoma State University
OSU	SCARLET	Ohio State University
OSW	BEVO	JetAfrica Eswatini
OSY	OPEN SKIES	Open Skies Consultative Commission
OTA	ORGANIZACION	Organizacion De Transportes Aéreos
OTG	THAI EXPRESS	One Two Go Airlines
OTL	SOUTHLINE	South Airlines
OTM	ZEDTIME	Onetime Airlines Zambia
OTN	LASTP	LASTP
OTP	OPERADORA AEREO	Operadora de Transportes Aéreos
OTR	ORIENTROC	Orient Airlines
OUF	ELEMENT	Beijing Eofa International Jet
OUL	CITY EXPRESS	Air Atonabee
OVA	AERONOVA	Aero Nova
OVE	AEROMOVER	Aeromover
OVI	VIAS EJECUTIVAS	Aerovías Ejecutivas
OVV	ORIENTSYR	Orient Air
OWE	OWENAIR	Owenair
OWL	NIGHT OWL	Miami Valley Aviation
OWN	AERO OWEN	Aero Owen
OXE	OXOE	Oxaero
OXO	MILL AIR	Million Air
OYE	KODA AIR	Koda International
OZJ	AUSJET	OzJet
OZR	OZARK	Ozark Air Lines
OZU	HOZAVIA	Hozu-Avia
PAA	CLIPPER	Pan American World Airways
PAB	AIR BOATS	Pacific Air Boats
PAC	POLAR	Polar Air Cargo
PAD	AIR PROFESSIONAL	Professional Express Courier Service
PAE	PAISAJES	Paisajes Españoles
PAG	PERIMETER	Perimeter Aviation
PAH	LANI	Panorama Air Tour
PAI	SEA RAY	Paradise Airways
PAJ	ALIPARMA	Aliparma
PAK	PACIFIC ALASKA	Pacific Alaska Airlines
PAL	PHILIPPINE	Philippine Airlines
PAM	PHOENIX	Phoenix Air
PAO	POLYNESIAN	Polynesian Airlines
PAP	PROFLIGHT	Langtry Flying Group
PAQ	SOLPAC	Pacific Air Express
PAR	PACRIM	Pacific Rim Airways
PAS	PELITA	Pelita Air Service
PAT	PAT	Priority Air Transport
PAV	NICOL	VIP Avia
PAW	POINTAIR BURKINA	Pointair Burkina
PAX	PANNEX	Pan Air
PAZ	POINTAIR NIGER	Point Afrique Niger
PBA	PEEBEE AIR	PB Air
PBB	ADEBAR	Polizeihubschrauberstaffel Brandenburg
PBD	POBEDA	Pobeda
PBN	BLUEBIRD	Pacific Blue
PBR	POLAR BEAR	Fast Air
PBT	PARABET	Air Parabet
PBU	AIR BURUNDI	Air Burundi
PBW	BUSSARD	Polizeihubschrauberstaffel Baden-Württemberg
PBY	PEARL SERVICES	Pearl Air Services
PCA	PENA DEL AIRE	Penya De L'Aire
PCC	PERFORADORA CENTRAL	Perforadora Central
PCE	PACE	Pace Airlines
PCG	POSTAL CARGO	Aeropostal Cargo de Mexico
PCH	PILATUS WINGS	Pilatus Flugzeugwerke
PCJ	PACIFIC JET	Pacific Jet
PCK	AIRPACK EXPRESS	Air Pack Express
PCL	PINNACLE GROUP	Pinnacle Air Group
PCM	PAC VALLEY	Westair Industries
PCN	PRINCETON	Princeton Aviation Corporation
PCO	PASCO	Pacific Coastal Airlines
PCP	PRINCIPAL	Aerolínea Principal Chile
PCR	PACAIR	PAC Air
PCS	AIR PALACE	Air Palace
PCV	PACAV	Pacific Aviation (Australia)
PCW	PACIFIC ORIENT	Trans-Pacific Orient Airways
PDA	PODILIA	Podilia-Avia
PDC	DISTRICT	Potomac Air
PDD	PADA	Phillips Alaska
PDF	PELICAN AIRWAYS	Pelican Air Services
PDG	OSPREY	PLM Dollar Group
PDI	PARADISE ISLAND	Paradise Island Airways
PDQ	DISPATCH	PDQ Air Charter
PDR	SPEEDSTER	COMAV
PDT	PIEDMONT	Piedmont Airlines
PDV	ELICAR	Elicar
PDY	PENDLEY	Pen-Avia
PEB	PALEMA	Benders Air
PEC	PAC EAST CARGO	Pacific East Asia Cargo Airlines
PEI	PANAMEDIA	Panamedia
PEL	PELICAN	Aeropelican
PEM	PEM AIR	Pem-Air
PEN	PENINSULA	Peninsula Airways
PEO	PETRO AIR	Petro Air
PET	AEROPETRO	Aerotransporte Petrolero
PEV	PEOPLES	People's
PEX	PELICAN EXPRESS	Pelican Express
PFA	PACIFIC SING	Pacific Flight Services
PFI	PACIFICO CHIHUAHUA	Aerolíneas Chihuahua
PFN	PANAFRICAN	Pan African Air Services
PFR	PACIFIC WEST	Pacificair Airlines
PFS	PRAIRIE	Prairie Flying Service
PFT	PROFREIGHT	Air Cargo Express International
PFY	PELFLIGHT	Pel-Air Aviation
PFZ	PROFLIGHT ZAMBIA	Proflight Zambia
PGA	PORTUGALIA	Portugalia
PGI	PANAGRA	Panagra Airways
PGL	PREMIERE	Premiair Aviation Services
PGP	PERM AIR	Perm Airlines
PGT	SUNTURK	Pegasus Airlines
PGX	PARAGON EXPRESS	Paragon Air Express
PHA	GRAY BIRD	Phoenix Air Group
PHB	PHOEBUS	Phoebus Apollo Aviation
PHC	HELICOPTERS	Petroleum Helicopters de Colombia
PHD	PANHANDLE	Duncan Aviation
PHE	PAWAN HANS	Pawan Hans
PHG	PHOENIX GROUP	Phoenix Aviation
PHH	IBIS	Polizeihubschrauberstaffel Hessen
PHI	PHILAIR	Philips Aviation Services
PHL	PHILLIPS	Phillips Michigan City Flying Service
PHM	PETROLEUM	Petroleum Helicopters
PHN	PHOENIX BRASIL	Phoenix Air Lines
PHO	PHOTOFLIGHT	L&L Flygbildteknik
PHR	PHARAOH	Al Farana Airline
PHS	PASSAT	Polizeihubschrauberstaffel Sachsen
PHT	PANANK	Pan Havacilik Ve Ticaret
PHU	PANNON	Pannon Air Service
PHV	NEW BIRD	Phenix Aviation
PHW	PHOENIX SHARJAH	Ave.com
PHY	PHOENIX ARMENIA	Phoenix Avia
PIA	PAKISTAN	Pakistan International Airlines
PIC	PACIFIC AIRLINES	Pacific Airlines
PIE	PIRATE	Air South West
PIF	AEROCALPA	Aeroservicios California Pacifico
PIK	POLICE IKARUS	Polizeihubschrauberstaffel Sachsen-Anhalt
PIL	PINNACLE	Canada Jet Charters
PIM	PINFRAMAT	Pinframat
PIN	ROAD RUNNERS	Pacific International Airlines
PIO	PIONEER	Pioneer Airlines
PIP	PILOT	Pilot Flight Academy
PIR	PAMIR	Pamir Airways
PIU	PRIMA	43 Air School
PIV	AEROSOKOL	Sokol
PIX	METROPIX	Metropix UK
PJA	PRIVATE FLIGHT	Private Jet Management
PJE	PEE JAY	Private Jet Expeditions
PJP	PRINCELY JETS	Princely Jets
PJS	JETAVIATION	Jet Aviation
PKA	PAKISTAN AIRWAY	AST Pakistan Airways
PKP	PIKES PEAK	Mountain Air Express
PKR	PAKKER AVIO	Pakker Avio
PKW	PLATINUM WEST	Pak West Airlines
PKZ	PRAVI	Prime Aviation
PLA	POLYAIR	Polynesian Air-Ways
PLB	POLYBLUE	Polynesian Blue
PLC	SPECIAL	Police Aviation Services
PLF	POLISH AIRFORCE	Polish Air Force
PLG	PILGRIM	MBK-S
PLI	AEROPERU	Aeroperú
PLK	PULKOVO	Pulkovo Aviation Enterprise
PLL	AIRPAL	Air Pal
PLM	PULLMANTUR	Air Pullmantur
PLN	PLANAR	Planar
PLR	POLARIS	Northwestern Air
PLS	AEROPLUS	Aeroflot-Plus
PLT	PALMETTO	South Carolina Aeronautics Commission
PLU	PILATUS MEXICO	Pilatus PC-12 Center De Mexico
PLX	POOLEX	Pool Aviation
PLY	PUMA BRASIL	Puma Linhas Aéreas
PLZ	PLANET	Planet Airways
PMA	PAN MALAYSIA	Pan Malaysian Air Transport
PMC	PRIMAC	Primas Courier
PME	ADUR	Premiair Flying Club
PMI	AEROEPRIM	Primero Transportes Aereos
PMM	PARADIGM	Paradigm Air Operators
PMO	POLAR MEXICO	Polar Airlines de Mexico
PMR	SERVICIOS PREMIER	Servicios Aéreos Premier
PMS	PLANEMASTER	Planemaster Services
PMT	MULTITRADE	PMTair
PMU	PREMIUM	Premium Aviation
PMV	POLICE MERLIN	Polizeihubschrauberstaffel Mecklenburg-Vorpommern
PMW	PARAWAY	Paramount Airways
PMX	PEMEX	Petroleos Mexicanos
PMY	PHETCHABUN AIR	Phetchabun Airline
PNA	PACIFIC NORTHERN	Universal Airlines
PNC	PANAIRSA	Pan-Air
PND	POND AIR	Pond Air Express
PNE	PENINTER	Peninter Aérea
PNF	PANWAYS	Panafrican Airways
PNH	KUBAN LIK	Panh
PNK	AIRPINK	Air Pink
PNL	AEROPERSONAL	Aero Personal
PNM	PANORAMA	Panorama
PNP	PINEAPPLE AIR	Pineapple Air
PNR	SKYJET	PAN Air
PNS	PENAS	Survey Udara (Penas)
PNT	PORTNET	Balmoral Central Contracts
PNU	AERO PLATINUM	Aero Servicios Platinum
PNW	PALESTINIAN	Palestinian Airlines
PNX	SPINNER	AIS Airlines
PNY	POLISH NAVY	Polish Navy
POA	PORTUGUESE ARMY	Portuguese Army
POB	POBLANOS	Servicios Aéreos Poblanos
POC	POCONO	Pocono Air Lines
POF	AIRPOL	Police Aux Frontières
POI	BOJBAN	BGB Air
PON	PORTUGUESE NAVY	Portuguese Navy
POR	PORTEADORA	Porteadora De Cosola
POT	POLET	Polet Flight
POV	AIR POLTAVA	Meridian
POW	AIRNET	Hagondale Limited
POY	APOYO AEREO	Apoyo Aéreo
PPA	AIR PROP	Propheter Aviation
PPC	PALAU ASIAPAC	Palau Asia Pacific Airlines
PPG	PAPAGO	Phoenix Air Transport
PPH	POLICE PHOENIX	Polizeihubschrauberstaffel Niedersachsen
PPK	PELICAN	Ramp 66
PPM	PACIFIC PEARL	Pacific Pearl Airways
PPQ	PERSONSPAQ	Personas Y Pasquetes Por Air
PPS	PIPESTONE	Butte Aviation
PPW	PHNOM PENH AIR	Royal Phnom Penh Airways
PQA	SAGE BRUSH	Pacific Coast Airlines
PRA	PARSAVIA	Pars Aviation Service
PRC	PACIFIC CHARTER	Pacific Air Charter
PRD	PRESIDENTIAL	Presidential Aviation
PRE	PRECISION	Precision Airlines
PRF	PRECISION AIR	Precision Air
PRG	ASPAR	Empresa Aero-Servicios Parrague
PRH	PROHAWK	Pro Air
PRI	PRIMERA	Primera Air Scandinavia
PRL	PEARL LINE	Pearl Air
PRM	PRIME AIR	Prime Airlines
PRN	PRINAIR EXPRESS	Pirinair Express
PRO	PROPAIR	Propair
PRP	PRONTO	PRT Aviation
PRR	PARAMOUNT	Paramount Airlines
PRT	PRIME ITALIA	Prime Service Italia
PRV	PROVINCIAL	Provincial Express
PRW	JETBIRD	Primera Air Nordic
PRX	PAREX	VIP Avia
PRY	PRIORITY AIR	Priority Air Charter
PRZ	RADISAIR	Air Paradise International
PSA	PACIFIC ISLE	Pacific Island Aviation
PSC	PASCAN	Pascan Aviation
PSE	SIPSE	Aeroservicio Sipse
PSF	LIZARD	Plymouth School of Flying
PSG	SERVIAVIONES	Aviones Para Servirle
PSH	PASSION	Red Aviation
PSI	PONT	Pont International Airline Services
PSL	CORSAN	Aeroservicios Corporativos De San Luis
PSN	POTOSINA	Potosina Del Aire
PSO	AEROPEGASO	Aerotaxis Pegaso
PSP	PUBLISERVICIOS	Publiservicios Aéreos
PSR	POLESTAR	Polestar Aviation
PSS	PROGRESS	TSSKB-Progress
PST	TURISMO REGIONAL	Parsa
PSV	PROSERVICIOS	Servicios Aéreos Profesionales
PSW	PSKOVAVIA	Pskovavia
PSZ	POP AIR	Pro Air Service
PTA	PTARMIGAN	Ptarmigan Airways
PTB	PASSAREDO	Passaredo Transportes Aéreos
PTC	PATRIA	Patria Cargas Aéreas
PTD	PITY	Aero Servicio Pity
PTE	AERO COP	Aero Copter
PTH	PROTEUS	Proteus Helicopteres
PTI	PRIVATAIR	Privatair
PTK	PETROKAM	Petropavlovsk-Kamchatsk Air Enterprise
PTL	PLANTATION	Providence Airline
PTM	POSTMAN	Southeastern Airways
PTN	PANTANAL	Pantanal Linhas Aéreas
PTO	ROOKIE	European Flight Academy / Lufthansa Aviation Training
PTP	TRANS PACIFIC	Palau Trans Pacific Airlines
PTQ	TOWNSEND	Port Townsend Airways
PTR	PORTER	Porter Airlines
PTS	POINTSCALL	Points of Call Airlines
PTT	TOTOLAPA	Promotora Industria Totolapa
PTV	PUNTAVIA	Puntavia Air Services
PTY	PETTY	Petty Transport
PUA	PLUNA	PLUNA
PUE	PUELCHE	Aeropuelche
PUR	SPURWING	Spurwing Airlines
PUV	PUBLIVOO	Publivoo
PVA	TRANSPRIVADO	Aerotransportes Privados
PVG	PRIVILEGE	Privilege Style
PVK	BORIS	Association of Private Pilots of Kazakhstan
PVL	VOLARE	Professione VOlare
PVO	PROVOST	Bearing Supplies Limited
PVU	PEAU	Peau Vavaʻu
PVV	SUNDAY	Fly Pro
PWA	PRIESTER	Priester Aviation
PWC	PRATT	Pratt and Whitney Canada
PWD	CARIBAIR	CARIBAIR
PWF	PRIVATE WINGS	Private Wings Flugcharter
PWL	POWELL AIR	Powell Air
PXA	PECOTOX	Pecotox Air
PXP	PAK EXPRESS	Pacific Air Transport
PXR	PIXAIR	Pixair Survey
PXT	PACK COAST	Pacific Coast Jet
PXX	PINE STATE	Aroostook Aviation
PYC	AEROPYCSA	Aeropycsa
PYN	POYSTON	Haverfordwest Air Charter Services
PYR	PYAIR	Pyramid Air Lines
PYZ	PLAYERS AIR	Players Air
PZA	AEREO PARAZA	Aéreo Taxi Paraza
PZR	PHAZER	Sky Trek International Airlines
PZY	ZAPOLYARYE	Zapolyarye Airline Company
QAC	QATAR CARGO	Qatar Air Cargo
QAF	AMIRI	Qatar Amiri Flight
QAH	QUICK	Quick Airways Holland
QAI	CHICKPEA	Conquest Air
QAJ	DAGOBERT	Quick Air Jet Charter
QAS	QUISQUEYA	Quisqueya Airlines
QAT	AIR QUASAR	Aero Taxi
QCC	QWEST AIR	Qwest Commuter Corporation
QCL	ACLA	Air Class Líneas Aéreas
QDA	SKY LEGEND	Qingdao Airlines
QFA	QANTAS	Qantas
QGA	QUADRIGA	Windrose Air
QID	QUID	USAF 100th Air Refueling Wing
QKC	QUAKER CITY	Aero Taxi Aviation
QLA	QUEBEC LABRADOR	Aviation Quebec Labrador
QLK	QLINK	QantasLink
QNA	QUEEN AIR	Queen Air
QNK	KABO	Kabo Air
QNT	QANAT SHARQ	Qanot Sharq
QNZ	QANTAS JETCONNECT	Jetconnect
QQE	QREX	Qatar Executive
QRT	QUARTET	4D Air
QSC	ZEBRA	African Safari Airways
QSM	QESHM AIR	Qeshm Air
QSR	SPARKLE ROLL	SR Jet
QTR	QATARI	Qatar Airways
QTX	AIR QUANTEX	Quantex Environmental
QUE	QUEBEC	Quebec Government Air Service
QUI	QUIMMCO	Aero Quimmco
QVR	PEGASO	Kvadro Aero
QWL	Q CHARTER	Qwila Air
QXE	HORIZON AIR	Horizon Air
RAA	RYNES AVIATION	Rynes Aviation
RAC	TUZLA AIR	Icar Air
RAD	AIR ALADA	Alada
RAE	REGIONAL EUROPE	Régional
RAF	FARNAS	Farnas Aviation Services
RAG	RAGLAN	Xstrata Nickel (Raglan Mine)
RAH	REGENT	Regent Air
RAI	DIASA	Aerotur Air
RAJ	RAJI	Raji Airlines
RAK	SPORT CLUB	Riga Airclub
RAL	ROSWELL	Roswell Airlines
RAM	ROYALAIR MAROC	Royal Air Maroc
RAN	RENAN	Renan
RAP	RAPTOR	Air Center Helicopters
RAQ	RATH AVIATION	Rath Aviation
RAR	AIR RAROTONGA	Air Rarotonga
RAS	SHANHIL	Jim Ratliff Air Service
RAT	RIVERRAT	Chief Rat Flight Services
RAU	UGANDA ROYAL	Uganda Royal Airways
RAV	REED AVIATION	Reed Aviation
RAX	AIR ROYAL	Royal Air Freight
RAZ	RIJNMOND	Rijnmond Air Services
RBA	BRUNEI	Royal Brunei Airlines
RBB	RABBIT	Rabbit-Air
RBC	REPUBLICAIR	Republicair
RBD	RED BIRD	Trans World Express
RBE	RUM BENIN	Aur Rum Benin
RBG	ARABIA EGYPT	Air Arabia Egypt
RBH	CALYPSO	Regal Bahamas International Airways
RBJ	AEROBAJIO	Aeroserivios Del Bajio
RBN	RED BARON	Red Baron Aviation
RBR	SIAM AIRNET	Siam Airnet
RBT	ROBIN	Robinton Aero
RBU	AIRBUS FRANCE	Airbus France
RBV	AIR ROBERVAL	Air Roberval
RBW	CAI HONG	Shandong Airlines Rainbow Jet
RBY	RUBY	Vision Airlines
RCA	RICHLAND	Richland Aviation
RCB	BALEARES	Real Aero Club De Baleares
RCC	RACER	Air Charters Eelde
RCD	AEROCLUB	Real Aeroclub De Tenerife
RCE	AEROCER	Aerocer
RCF	AEROFLOT CARGO	Aeroflot-Cargo
RCG	ROYAL CARGO	Royal Air Cargo
RCH	REACH	Air Mobility Command
RCI	AIR CASSAI	Air Cassai
RCJ	NEWPIN	Raytheon Corporate Jets
RCK	ROCKROSE	FaroeJet
RCO	AEROCOAHUILA	Aero Renta De Coahuila
RCP	AEROCORPSA	Aerocorp
RCQ	REGIONAL CARGO	Aerolíneas Regionales
RCT	GREENSKY	Skyview Airways
RCU	AIR COURIER	Atlantic S.L.
RCX	SERVICE CENTER	Air Service Center
RCY	RACE CITY	Package Express
RDD	ADLINES	Adygea Airlines
RDE	FLIGHT RED	II Lione Alato Arl
RDK	RED DUKE	Memorial Hermann Hospital System
RDL	ROADAIR	Roadair Lines
RDM	AIR ADA	Air Ada
RDP	JET ARROW	Eurojet Romania
RDR	RED STAR	Goodridge (UK) Limited
RDS	RHOADES EXPRESS	Rhoades Aviation
RDV	RED AVIATION	Red Sea Aviation
RDW	ROADWATCH	Valair AG (Helicoptere)
RDZ	RODZE AIR	Rodze Air
REA	AER ARANN	Aer Arann
REC	TRANS RECO	Trans Reco
RED	RED CROSS	International Committee of the Red Cross
REF	REEF AIR	Reef Air
REG	REGIONAL SERVICES	Regional Air Services
REI	RAY AVIATION	Ray Aviation
REJ	REGIONAL LINK	SA Airlink Regional
REK	REEM AIR	Reem Air
REL	RELIANCE AIR	Reliance Aviation
REN	AERORENT	Aero-Rent
REO	RIO	Rio Airways
REP	REPUBLIC	Republic Airlines
RER	REGAIR	Servicio Aéreo Regional Regair
RES	RESCUE	Australian Maritime Safety Authority
REU	REUNION	Air Austral
REV	ENDURANCE	RVL Group
REW	REGIONAL WINGS	Regional Air Express
REX	RAM EXPRESS	Ram Air Freight
REY	AEROREY	Aero-Rey
REZ	CAL AIR	Cal-West Aviation
RFA	RALEIGH SERVICE	Raleigh Flying Service
RFC	AERO AFRICA	Aero Africa
RFD	RAFHILER	Aerotransportes Rafilher
RFF	RUSSIAN AIRFORCE	Russian Federation Air Force
RFI	SHERLOCK	National Air Traffic Services
RFL	INFLY	Interfly
RFR	RAFAIR	Royal Air Force
RFT	ROMANIAN ACADEMY	Scoala Superioara De Aviatie Civila
RFX	REFLEX	J P Hunt Air Carriers
RGA	ROYAL GHANA	Royal Ghanaian Airlines
RGC	REGIOMONTANO	Servicios Aéreos Regiomontanos
RGE	REGENT	Regent Airways
RGL	MAROC REGIONAL	Regional Air Lines
RGM	RANGEMILE	Rangemile Limited
RGN	CYGNUS AIR	Cygnus Air
RGO	ARGOS	Argo
RGP	GARDEN CITY	River State Government of Nigeria
RGR	REGIONAIR	Region Air
RGS	RENOWN	Renown Aviation
RGT	AIRGOAT	Airbourne School of Flying
RGY	REGENCY	Regency Airlines
RHC	REDAIR	Redhill Aviation
RHD	RED HEAD	Bond Air Services
RHL	ARCHIPELS	Air Archipels
RIA	RICHAIR	Rich International Airways
RIC	RICHARDSON	Richardson's Airway
RID	AKRID	Ridder Avia
RIF	INTERMIN AVIA	Aviation Ministry of the Interior of the Russian Federation
RIM	RIMROCK	Rimrock Airlines
RIO	RIO	Rio Linhas Aéreas
RIS	AERIS	Aeris Gestión
RIT	ASIAN SPIRIT	Asian Spirit
RIU	RIAU AIR	Riau Airlines
RIV	RIVERA	APG Airlines
RIX	RECTRIX	Rectrix Aviation
RJA	JORDANIAN	Royal Jordanian
RJM	MILLEN	Millen Corporation
RJS	ASERJET	Aeroservicios Jet
RJT	RA JET	RA Jet Aeroservicios
RJZ	JORDAN AIR FORCE	Royal Jordanian Air Force
RKA	AIRAFRIC	Air Afrique
RKC	DAS CONGO	DAS Airlines
RKH	KHMER AIR	Royal Khmer Airlines
RKM	RAKAIR	RAK Airways
RKT	ROCKET	Rotormotion
RKW	ROCKWELL	Rockwell Collins Avionics
RLA	AIRLINAIR	Airlinair
RLE	RICO	Rico Linhas Aéreas
RLH	SENDI	Ruili Airlines
RLI	RELIANT	Reliant Air
RLK	NELSON	Air Nelson
RLL	AEROLEONE	Air Leone
RLM	ROYAL AMERICAN	Royal American Airways
RLN	AERO LANKA	Lankan Cargo
RLR	RATTLER	Business Airfreight
RLS	S AIRLINES	S-Air
RLU	RUSLINE AIR	Rusline
RLV	REAL	Real Aviation
RLX	RELAX	Go2Sky
RLZ	ALIZE	Air Alize
RMA	ROCKY MOUNTAIN	Rocky Mountain Airways
RMD	AIR AMDER	Air Amder
RME	ARMENIAN	Armenian Airlines
RMF	ANGKASA	Royal Malaysian Air Force
RMG	RUMUGU AIR	Rumugu Air & Space Nigeria
RMI	POINT AIRLINE	Point Airlines
RML	HELLASMED	Air Mediterranean
RMO	ARM AERO	Arm-Aero
RMP	SERAMSA	Servicios De Rampa Y Mostrador
RMS	TASS AIR	Tas Aviation
RMT	RAM FLIGHT	Ram Aircraft Corporation
RMU	AIR MAUR	C.S.P., Societe
RMV	AEROMAVIA	Romavia
RMX	AEROMAX	Air Max
RMY	TRANSMILE	Raya Airways
RNA	ROYAL NEPAL	Nepal Airlines
RNB	ROSBALT	Rosneft-Baltika
RND	RUTLAND	Rutland Aviation
RNE	AIR SALONE	Air Salone
RNG	ORANGE	Orange Aircraft Leasing
RNM	AEROMNEM	Aeronem Air Cargo
RNR	RUNNER	Air Cargo Masters
RNS	RONSO	Ronso
RNV	ARMAVIA	Armavia
ROA	RENO AIR	Reno Air
ROD	AERODAN	Aerodan
ROE	ESTE BOLIVIA	Aeroeste
ROF	ROMAF	Romanian Air Force
ROG	REGO	FundaciÃ³ Rego
ROH	AEROGEN	Aero Gen
ROI	AVIOR	Avior Airlines
ROJ	ROYALJET	Royal Jet
ROK	RED ROCK	National Airlines
ROL	AEROEL	Aeroel Airways
ROM	BRAVO QUEBEC	Aeromar Lineas Aereas Dominicanas
RON	OUR AIRLINE	Our Airline
ROO	AERO ROA	Aero Roa
ROR	RORAIMA	Roraima Airways
ROS	CATCHER	Rossair Europe
ROT	TAROM	Tarom
ROU	ROBINSON CRUSOE	Transportes Aéreos I. R. Crusoe
ROV	ROVERAIR	Rover Airways International
ROW	ROTORWING	Nor Aviation
ROX	ROBLEX	Roblex Aviation
RPA	BRICKYARD	Republic Airways
RPB	AEROREPUBLICA	Wingo (airline)
RPC	AEROPACSA	Aerolíneas Del Pacífico
RPH	PUBLIC EXPRESS	Republic Express Airlines
RPK	ROYAL PAKISTAN	Royal Airlines
RPS	RESPONSE	Global Air Charter
RPX	RAPEX	HD Air Ltd
RRA	ROYAL RWANDA	Royal Rwanda Airlines
RRC	AEROROCA	Aero Roca
RRE	AERO TORREON	Aerotransportes Internacionales De Torreon
RRF	KITTY	Royal Air Force
RRL	MERLIN	Rolls-Royce Limited
RRM	AIR ROMANIA	Acvila Air-Romanian Carrier
RRR	ASCOT	Royal Air Force
RRS	BLACKBOX	Boscombe Down DERA (Formation)
RRT	SIERRA ALTA	Transportes Aéreos Sierra
RRU	HELICIRRUS	Cirrus
RRV	SKYROVER	Mombasa Air Safari
RRY	AIRFERRY	Tbilisi Aviation University
RRZ	ROLLRIGHT	Rollright Aviation
RSA	ESRA	Elisra Airlines
RSB	RUBYSTAR	Rubystar
RSC	TARASCAS	Aerolíneas Ejecutivas Tarascas
RSE	RED SEA	SNAS Aviation
RSF	ARSAF	Royal Saudi Air Force
RSH	SAHARA	Air Sahara
RSI	AIR SUNSHINE	Air Sunshine
RSK	REDSKIN	DSWA
RSL	PANAMA RENTAL	Panama Aircraft Rental and Sales
RSM	AIR SOMALIA	Air Somalia
RSN	SWAZI NATIONAL	Royal Swazi National Airways
RSO	AERO ASIA	Aero Asia International
RSP	REDSTRIPE	JetSuite
RSQ	SKYMEDIC	International SOS Windhoek
RSR	CONGOSERV	Aero-Service
RSS	ROSS CHARTER	Rossair
RST	RESORT AIR	Resort Air
RSU	AEROSUR	AeroSur
RSV	RED SKY	Red Sky Ventures
RTE	LUZAVIA	Aeronorte
RTH	ARTHELICO	Artis
RTM	AERO TRANSAM	Trans Am Compania
RTN	RAYTHEON	Raytheon Aircraft Company
RTO	RACCOON	Rectimo Air Transports
RTQ	TURQUOISE	Air Turquoise
RTR	ROTATUR	Rotatur
RTS	RELIEF	Relief Transport Services
RTU	AEROTUCAN	Aerotucan
RTV	TIC TAC	Nortavia
RUC	RUTACA	Rutaca
RUD	ANASTASIA	Air Anastasia
RUK	BLUEMAX	Ryanair UK
RUM	AIR RUM	Air Rum
RUN	CARGO TURK	Air ACT
RUS	CIRRUS AIR	Cirrus Airlines
RUT	YADID	Reut Airways
RUZ	ROSTUERTOL	Rusuertol
RVC	RIVER CITY	Richards Aviation
RVE	AIRVENTURE	Airventure
RVF	RAVEN FLIGHT	Ravn Alaska
RVI	AERO SERVICIOS	Aero Servicios
RVL	AIR VALLEE	Airvallee
RVM	RIVER	River Ministries Air Charter
RVN	RAVEN U S	Raven Air
RVP	AEROVIP	Air VIP
RVQ	REVA AIR	Aero Jet International
RVR	RAVEN	Raven Air
RVT	AIR VET	Aircompany Veteran
RVV	REEVE	Reeve Aleutian Airways
RWC	ARROWEC	Arrow Ecuador Arrowec
RWD	RWANDAIR	Rwandair Express
RWE	ROYAL WEST	Royal West Airlines
RWG	RED WING	C&M Airways
RWL	RHEINTRAINER	RWL Luftfahrtgesellschaft
RWY	TYNWALD	Aerogroup 98 Limited
RXA	REX	Rex Airlines
RXI	RIYADH AIR	Riyadh Air
RXP	ROY EXPRESS	Royal Aviation Express
RXT	AERO EXTRA	Aeroxtra
RYA	RYAN AIR	Ryan Air Services
RYB	ROYAL BAHRAIN	Royal Bahrain Airlines
RYL	ROYAL ARUBAN	Royal Aruban Airlines
RYN	RYAN INTERNATIONAL	Ryan International Airlines
RYR	RYANAIR	Ryanair
RYS	MAGIC SUN	Buzz (Polish airline)
RYZ	RYAZAN AIR	Ryazan State Air Enterprise
RZA	RAZOR	Jet Fighter Flights
RZL	AERO ZAMBIA	Aero Zambia
RZN	ZANO	Aero Zano
RZO	AIR AZORES	SATA International
RZR	RECOVERY	Zephyr Express
RZU	ZHERSU AVIA	Zhersu Avia
RZV	ZEDAVIA	Z-Avia
RZZ	RED ZONE	Anoka Air Charter
SAA	SPRINGBOK	South African Airways
SAB	SKY WORKER	Sky Way Air
SAC	SASCO	SASCO Airlines
SAF	SINGA	Singapore Air Force
SAG	MEDICAL AIR	SOS Flygambulans
SAH	SAYAKHAT	Sayakhat Airlines
SAI	SHAHEEN AIR	Shaheen Air
SAM	SAM	SAM Colombia
SAN	AEREOS	Servicios Aéreos Nacionales (SAN)
SAO	SAVSER	Sahel Aviation Service
SAP	TOBOL	Avia Jaynar
SAQ	SPRINGBANK	Springbank Aviation
SAS	SCANDINAVIAN	Scandinavian Airlines
SAT	SATA	SATA Air Acores
SAU	UNISERVE	United Aviation Services
SAW	SHAMWING	Cham Wing Airlines
SAX	SABAH AIR	Sabah Air
SAY	SUCKLING	Suckling Airways
SAZ	SWISS AMBULANCE	Swiss Air-Ambulance
SBA	SOL	SOL Linhas Aéreas
SBB	SABER EXPRESS	Steinman Aviation
SBC	SABIAN AIR	Emoyeni Air Charter
SBD	SIBIA	SIBIA Aircompany Ltd
SBF	SEVENAIR	Seven Bar Flying Service
SBH	AEROSAAB	Aerosaab
SBI	SIBERIAN AIRLINES	S7 Airlines
SBJ	TRANS SAHARA	Trans Sahara Air
SBK	AIR SRPSKA	Air Srpska
SBL	SOBGHANA	Sobel Airlines of Ghana
SBM	SKY BAHAMAS	SkyBahamas
SBO	STABAIR	Stabo Air
SBQ	SKIBBLE	SmithKline Beecham Clinical Labs
SBR	FREIGHTER	Saber Aviation
SBS	SEABORNE	Seaborne Airlines
SBT	TAFTAN	Taftan Airlines
SBU	BLACK FIN	St Barth Commuter
SBW	SNOWMAN	Snowbird Airlines
SBX	SKY BOX	North Star Air Cargo
SBZ	SCIBE AIRLIFT	Scibe Airlift
SCA	SOUTH CENTRAL	South Central Air
SCB	SAIGON	Saigon Capital Aircraft Management
SCC	SEA COASTER	SeaCoast Airlines
SCD	ASSOCIATED	Associated Aviation
SCE	SCENIC	Grand Canyon Scenic Airlines
SCF	SOCOFER	Socofer
SCH	OCEAN BIRD	Seychelles Airlines
SCI	SAN CRISTOBAL	Servicios Aéreos San Cristóbal
SCJ	SIAMJET	Siamjet Aviation
SCK	SKYCAM	Sky Cam
SCL	SWIFTAIR	Switfair Cargo
SCM	SCREAMER	American Jet International
SCN	SOUTH AMERICAN	South American Airlines
SCO	SWEDCOPTER	Helikopterservice Euro Air
SCP	SCORPIO	Scorpio Aviation
SCQ	SCAVAC	OSM Aviation Academy
SCR	SILVER CLOUD	Silver Cloud Air
SCS	SOUTHERN CHARTERS	South African Non Scheduled Airways
SCT	SAAB CRAFT	SAAB-Aircraft
SCU	SCORPIO UNIVERS	Air Scorpio
SCV	SACSA	Servicios Aéreos Del Centro
SCW	SCANWING	Malmö Aviation
SCX	SUN COUNTRY	Sun Country Airlines
SDA	SAINT ANDREWS	St. Andrews Airways
SDB	SU CRAFT	Sukhoi Design Bureau Company
SDC	SUNDANCE	Sunrise Airlines
SDD	SKY DANCE	Skymaster Air Taxi
SDE	STAMPEDE	Air Partners Corp.
SDF	SUNDORPH	Sundorph Aeronautical Corporation
SDG	HISTAR	Star Air (India)
SDH	ARCOS	Servicio De Helicopteros
SDJ	SPACEJET	Club 328
SDK	SADELCA	SADELCA Ltda.
SDL	SKYDRIFT	Skydrift
SDM	RUSSIA	Rossiya
SDN	BLUE NILE	Spirit of Africa Airlines
SDO	AERO DOMINGO	Air Santo Domingo
SDP	SUDPACIFICO	Aero Sudpacifico
SDR	SUNDAIR	Sundair
SDS	STANDARDS	United Kingdom Civil Aviation Authority
SDU	SUD LINES	Sud Airlines
SDV	SELVA	Servicios Aéreos Del Vaupes
SDX	SERVICIO TECNICO	Servicio Tecnico Aero De Mexico
SDY	SANDY ISLE	Island Express
SDZ	SUDANA	Sudan Pezetel for Aviation
SEA	SOUTHEAST AIR	Southeast Air
SEB	SERVILUCE	Servicios Aéreos Luce
SEC	SECUREX	3D Aviation
SED	SEDONA AIR	Sedona Air Center
SEE	SHAHEEN CARGO	Shaheen Air Cargo
SEF	SERVIPACIFICO	Aero Servicios Ejecutivas Del Pacifico
SEG	SEN EAGLE	Eagle International
SEH	AIR CRETE	Sky Express
SEI	TRANSPORTE SIERRA	Transportes Aéreos Sierra Madre
SEJ	SPICEJET	Spicejet
SEK	SKALA	Skyjet
SEL	SENTEL	Sentel Corporation
SEM	SEMO	Cape Central Airways
SEN	SERVISIERRA	Servicios de Aviacion Sierra
SEO	SELCON AIR	Selcon Airlines
SEQ	SKY EYES	Sky Eyes
SER	AEROCALIFORNIA	Aero California
SES	SERVISAL	Servicio Aéreo Saltillo
SET	SAETA	SAETA Air Ecuador
SEU	STARWAY	XL Airways France
SEV	CARGOPRESS	Serair Transworld Press
SEY	SEYCHELLES	Air Seychelles
SFA	SEFA	SEFA
SFB	AIR SOFIA	Air Sofia
SFC	SHUSWAP	Shuswap Flight Centre
SFE	SEFOFANE	Sefofane Air Charters
SFF	SWIFTWING	Safewings Aviation Company
SFG	AERO GULF	Sun Freight Logistics
SFJ	STARFLYER	StarFlyer
SFL	SOUTHFLIGHT	Southflight Aviation
SFM	AIR SAFAR	A-Safar Air Services
SFN	SAFIRAN	Safiran Airlines
SFP	SAFE AIR	Safe Air
SFR	CARGO	Safair
SFS	SOUTHERN FRONTIER	Southern Frontier Airlines
SFT	SKYFREIGHT	Skyfreight
SFU	SAINTS	Solent Flight
SFX	SWAMP FOX	S.K. Logistics
SFY	SKY FLITE	Gulf Flite Center
SGA	AIR SAIGON	Air Saigon
SGB	SONGBIRD	Songbird Airways, Inc.
SGC	SOUTHERNRIGHT	Southern Right Air Charter
SGD	AIR BISHKEK	Skygate International Aviation
SGF	STAC	STAC Swiss Government Flights
SGH	SERVISAIR	Servisair
SGI	SERAGRI	Servicios Aéreos Agrícolas
SGK	SKYWARD	Skyward Aviation
SGM	SIGMA	Sky Aircraft Service
SGN	SIAM	Siam GA
SGP	SAGOLAIR	Sagolair Transportes Ejecutivos
SGR	SKYGREECE	SkyGreece Airlines
SGS	SASKATCHEWAN	Saskatchewan Government Executive Air Service
SGT	SKYGATE	Skygate
SGU	RAUSHAN	Samgau
SGV	SEGOVIA	Aerosegovia
SGY	SKAGWAY AIR	Skagway Air Service
SHA	SHREEAIR	Shree Airlines
SHB	SHABAIR	Shabair
SHC	SKY HARBOR CHEYENNE	Sky Harbor Air Service
SHE	SHELL	Shell Aircraft
SHF	VORTEX	Royal Air Force
SHG	SHOP AIR	Shoprite Group
SHH	AIRSHARE	Airshare Holdings
SHJ	SHARJAH	Sharjah Ruler's Flight
SHL	SAMSON	Samson Aviation
SHM	SHELTAM	Sheltam Aviation
SHN	SUGAR ALFA	Shaheen Airport Services
SHP	SAF	Service Aerien Francais
SHQ	SHANGHAI CARGO	Shanghai Airlines Cargo
SHR	SHOOTER	Shooter Air Courier
SHS	SHURA AIR	Shura Air Transport Services
SHT	SHUTTLE	British Airways Shuttle
SHU	SATAIR	Sakhalinskie Aviatrassy (SAT)
SHV	SHAVANO	Shavano Air
SHW	SHAWNEE	Shawnee Airline
SHX	SLIM AIR	Slim Aviation Services
SHY	ANTALYA BIRD	Sky Airlines
SIA	SINGAPORE	Singapore Airlines
SIB	SIBAVIA	Sibaviatrans
SIC	SICHART	SFS Aviation
SIE	SEREX	Sierra Express
SIH	BLUEJET	Skynet Airlines
SII	ASEISA	Aero Servicios Ejecutivos Internacionales
SIL	SERVICIOS INTEGRALES	Servicios Aeronáuticos Integrales
SIO	SIRIO	Sirio (airline)
SIP	AIR SPIRIT	Air Spirit
SIQ	SCIENCE QUEST	National Center for Atmospheric Research
SIR	SALAIR	Salair
SIV	SLOVENIAN	Slovenian Armed Forces
SIW	SIRIO EXECUTIVE	Sirio Executive
SIX	DRIVE ORANGE	Sixt Rent A Car
SIY	SIYUSA	Aerosiyusa
SIZ	AEROSILZA	Aero Silza
SJA	SERVICIOJAL	Servicios Aéreos Especiales De Jalisco
SJB	SOUTHER TIGER	SKS Airways
SJC	SERVIEJECUTIVO	Servicios Ejecutivos Continental
SJE	SUNBIZ	Sunair 2001
SJJ	SPIRIT JET	Spirit Aviation
SJL	SERVICIOS JALISCO	Servicios Especiales Del Pacifico Jalisco
SJM	SINO SKY	Sino Jet Management
SJN	SAN JUAN	Air San Juan
SJO	JEY SPRING	Spring Airlines Japan
SJT	SWISS JET	Swiss Jet
SJX	STARWALKER	Starlux Airlines
SJY	SRIWIJAYA	Sriwijaya Air
SKA	RIO EXPRESS	Rio Air Express
SKB	SKYBUS	Skybus Airlines
SKC	SKYMASTER AIR	Skymaster Airlines
SKD	SKY DAWG	Sky Harbor Air Service
SKE	SKYISLE	Sky Tours
SKF	SKYCRAFT	Skycraft
SKG	SKYCRAFT CANADA	Skycraft Air Transport
SKH	SKYNEWS	British Sky Broadcasting
SKI	SKYKING	SkyKing Turks and Caicos Airways
SKK	SKYLINK	Skylink Aviation
SKL	SKYCHARTER	Skycharter (Malton)
SKM	SKYTEM	Fayetteville Flying Service and Scheduled Skyways System
SKN	SKYLINER	Skyline Aviation Services
SKO	SKYWORK	Scottish Airways Flyers
SKP	SKIPPER	Aero-North Aviation Services
SKQ	SKYLAB	Labcorp
SKR	SKYSCAPES	Skyscapes Air Charters
SKS	SKY SERVICE	Sky Service
SKT	SKY YOU	SkyStar Airways
SKU	AEROSKY	Sky Airline
SKV	MAPLE	Sky Regional Airlines
SKW	SKYWEST	SkyWest Airlines
SKX	SKY EXPRESS	Skyways Express
SKY	SKYMARK	Skymark Airlines
SKZ	SKYWAY INC	Skyway Enterprises
SLA	SELAIR	Sierra National Airlines
SLB	SLOK AIR	Slok Air
SLD	SILVERLINE	Silver Air
SLE	SLIPSTREAM	Streamline
SLF	ELISTARFLY	Starfly
SLG	LIFEGUARD	Saskatchewan Government
SLH	SILVERHAWK	Silverhawk Aviation
SLI	COSTERA	Aeroméxico Connect
SLK	SILKAIR	SilkAir
SLL	SLOV LINE	Slovak Airlines
SLM	SURINAM	Surinam Airways
SLN	SLOANE	Sloane Aviation
SLO	SLOW	Edgartown Air
SLP	SALPA	Salpa Aviation
SLS	SERVICIOS SLAINTE	Servicios Aéreos Slainte
SLU	AVIO SLUZBA	Avio Sluzba
SLV	AVISTELLA	Stella Aviation
SLW	SALMA AIR	Salama Airlines Nigeria
SLX	SETE	Sete Linhas Aéreas
SLY	SKYCO	Sky Line for Air Services
SLZ	LUZA	Super Luza
SMA	SESAME	SMA Airlines
SMC	SAMER	Sabang Merauke Raya Air Charter
SMD	SERVICIOS MARQUESA	Servicios Aéreos La Marquesa
SME	SEMICH	Semos
SMF	GORDON	Smalandsflyg
SMH	SMITHAIR	Smithair
SMI	SAMI	Aero Sami
SMJ	AVAVIA	Avient Aviation
SMK	ERTIS	Semeyavia
SML	SMITH AIR	Smith Air (1976)
SMQ	SAMAR AIR	Samar Air
SMR	SOMON AIR	Somon Air
SMS	SANTOMENSES	Linhas Aéreas Santomenses
SMT	SKYLIMIT	Skyline
SMU	SPRINGER	Sanborn Map Company
SMW	SMART WINGS	Carpatair Flight Service
SMX	ALIEXPRESS	Alitalia Express
SMY	NAJIM	Sama Airlines
SMZ	SCAMPTON	RAF Scampton
SNA	SENATOR	Senator Aviation Charter
SNB	STERLING	Sterling Airlines
SNC	NIGHT CARGO	Air Cargo Carriers
SND	ARSAM	Air Samarkand
SNE	SANSA	Servicios Aéreos De Nicaragua (SANSA)
SNF	SHANS AIR	Shans Air
SNG	SNOW EAGLE	LongJiang Airlines
SNH	SENSERVICE	Senair Services
SNI	SAVANAHLINE	Savanah Airlines
SNJ	NEWSKY	Solaseed Air
SNK	SUN KING	Southeast Airlines (Sun Jet International)
SNL	SOONAIR	Soonair Lines
SNM	SERVIZI AEREI	Servizi Aerei
SNO	SNOWBALL	Delta Air Charter
SNP	SUN PACIFIC	Sun Pacific International
SNQ	EXECU QUEST	Sun Quest Executive Air Charter
SNT	SUNCOAST	Suncoast Aviation
SNV	SUDANESE	Sudanese States Aviation
SNW	SUN WEST	Sun West Airlines
SNX	SUNEX	Sun Air Aviation Services
SNY	AIR SANDY	Air Sandy
SOB	STABO	Stabo Freight
SOD	ALSOL	Aerolíneas Sol
SOE	AIR SOLEIL	Air Soleil
SOG	AEROSOGA	Aero Soga
SOH	SOUTHERN OHIO	Southern Ohio Aviation Sales
SOI	SOAVAIR	Southern Aviation
SOL	SOLOMON	Solomon Airlines
SOM	SOMALAIR	Somali Airlines
SON	SUNSHINE TOURS	Sunshine Air Tours
SOO	SOUTHERN AIR	Southern Air
SOP	SOLINAIR	Solinair
SOR	SONAIR	Sonair Servico Aéreo
SOT	SOUTH COURIER	Southeast Correct Craft
SOU	SOUTHERN EXPRESS	Southern Airways
SOV	SARATOV AIR	Saratov Airlines Joint Stock Company
SOW	SPARROW	White Sparrow GmbH
SOX	SOLIDAIR	Solid Air
SOY	SORIANO	Island Aviation
SOZ	SATCO	Sat Airlines
SPA	SIERRA PACIFIC	Sierra Pacific Airlines
SPB	SPRING CLASSIC	Springbok Classic Air
SPC	SPARK CARGO	Spark Air Cargo
SPD	SPEEDLINE	Airspeed Aviation
SPE	SPRAGUE	Sprague Electric Company
SPF	SPACE WORLD	Space World Airline
SPG	SPRING AIR	Springdale Air Service
SPH	SAPPHIRE CHARTER	Sapphire Executive Air
SPI	SOUTH PACIFIC	South Pacific Island Airways
SPJ	AIR SKOPJE	Air Service
SPK	SPARK	Spark Airlines
SPL	CORPORATIVOS LAGUNA	Servicios Corporativos Aéreos De La Laguna
SPM	SAINT PIERRE	Air Saint Pierre
SPN	AIR SKORPIO	Skorpion Air
SPO	EJECTUIV PACIFICO	Aeroservicios Ejecutivos Del Pacifico
SPP	SAPPHIRE	Sapphire Aviation
SPQ	SERVICOS PALENQUE	Servicios Aéreos Palenque
SPR	SPEEDAIR	Provincial Airlines
SPS	SPARK SHUTTLE	Spark Shuttle
SPT	SPEED AVIATION	Speed Aviation
SPU	SPUTTER	Southeast Airmotive
SPV	SERVICIOS PRIVADOS	Servicios Privados De Aviación
SPW	SPEEDWING	Speedwings
SPY	THAI SPACE	Asian Aerospace Service
SPZ	SPEED SERVICE	Airworld
SQA	SLOVAK AEROCLUB	Slovak National Aeroclub
SQC	SINGCARGO	Singapore Airlines Cargo
SQF	SLOVAK AIRFORCE	Slovak Air Force
SQH	SASQUATCH	SeaPort Airlines (2008–2016)
SQL	ALQUILER	Servicos De Alquiler
SQP	SKYUP	SkyUp
SQR	ALSAQER AVIATION	Alsaqer Aviation
SRA	SAIR	Sair Aviation
SRC	SEARCA	Searca
SRD	COASTGUARD	HM Coastguard
SRE	STREAMJET	Fly Jetstream Aviation
SRF	SAN RAFEAL	Transportes Aéreos San Rafael
SRG	RESCUE	HM Coastguard
SRH	SIEMREAP AIR	Siem Reap Airways
SRI	AIRSAFARI	Air Safaris and Services
SRJ	SYRJET	C Air Jet Airlines
SRK	SKYFOX	Sky Work Airlines
SRL	SERVICIOS PERSONAL	Servicios Aeronáuticos Aero Personal
SRN	SPRINTAIR	SprintAir
SRO	SAEREO	Servicios Aéreos Ejecutivos Saereo
SRP	SPERBER	Polizeihubschauberstaffel Rheinland-Pfalz
SRQ	BLUE JAY	Cebgo
SRR	WHITESTAR	Star Air
SRS	PHOTO CHARLIE	Selkirk Remote Sensing
SRT	TRASER	Trans Asian Airlines
SRU	STAR UP	Star Up
SRV	SERVICORP	Aero Servicio Corporativo
SRW	SARIA	Sarit Airlines
SRX	SIERRA EX	Sierra Expressway Airlines
SRZ	STRATO	Strato Air Services
SSB	SASIR	Sasair
SSC	SOUTHERN SKIES	Southern Seaplane
SSD	STAR SERVICE	Star Service International
SSE	SUNSET	Servicios Aéreos Sunset
SSF	SEVERSTAL	Severstal Air Company
SSG	SLOVAK GOVERNMENT	Slovak Government Flying Service
SSH	SNOWSHOE	Heritage Flight (Valley Air Services)
SSI	SUPER JET	Vision Airlines
SSK	SKYSTAR	Skystar International
SSL	SIERRA SULTAN	Air Sultan
SSM	RAPID	Aero 1 Pro-Jet
SSN	SUNSTREAM	Airquarius Air Charter
SSO	DOPE	Special Scope Limited
SSP	STARSPEED	Starspeed
SSQ	SUNSTATE	Sunstate Airlines
SSR	SARDINIAN	Sardinian Sky Service
SSS	SAESA	SAESA
SST	SUNFLIGHT	Sunwest Airlines
SSU	SASCA	SASCA
SSV	SKYTOUR	Skyservice Airlines
SSW	STREAMLINE	Streamline Aviation
SSX	SHASTA	Lynx Aviation
SSY	SIERRA SKY	Sky Aviation
SSZ	SPECSAVERS	Specsavers Aviation
STA	STAR	Star Aviation
STB	STATUS ALPHA	Status-Alpha Airline
STC	STADIUM	Stadium City Limited
STD	AERO AGUASCALINETES	Servicios De Aerotransportacion De Aguascalientes
STE	SEMITRANS	Semitool Europe
STG	STAGE	Sedalia, Marshall, Boonville Stage Line
STI	SONTAIR	Sontair
STJ	STELLAVIA	Sella Aviation
STK	SAT PAK	Aeropac
STL	STAPLEFORD	Stapleford Flight Centre
STN	SAINT ATHAN	RAF St Athan
STO	SLOPS	Streamline Ops
STQ	STERA	Star Air
STR	STARLINE	Red Star
STT	SAWTOOTH	Western Aircraft, Inc
STU	STARSOM	Star African Air
STV	SATURN	Saturn Aviation
STW	SIERRA WHISKEY	South West Air Corporation
STX	STARSAWAY	Stars Away Aviation
STY	STYRIAN	Styrian Airways
SUA	AIR SILESIA	Silesia Air
SUB	SUB AIR	Suburban Air Freight
SUD	SUDANAIR	Sudan Airways
SUE	AEROSURESTE	Aerolíneas Del Sureste
SUF	SUNFLOWER	Sun Air (Fiji)
SUG	SUNU AIR	Sunu Air
SUH	LIGHT AIR	Sun Light
SUI	SWISS AIR FORCE	Swiss Air Force
SUK	SKYCARGO	Superior Aviation Services
SUM	SUMES	State Unitary Air Enterprise
SUO	SERVICIO SANLUIS	Aeroservicios De San Luis
SUP	AEROSUPER	Aerosuper
SUS	SUNSCAN	Sun-Air of Scandinavia
SUT	SISTEMAS AERONAUTICOS	Sistemas Aeronauuticos 2000
SUU	SUNSTAR	Star West Aviation
SUV	DANCEAIR	Sundance Air
SUW	ASTAIR	Interavia Airlines
SUY	SURVEY	Aerial Surveys (1980) Limited
SVA	SAUDIA	Saudia
SVB	SIAVIA	Siavia
SVD	GRENADINES	St. Vincent Grenadines Air (1990)
SVE	AEROESPECIAL	Aero Servicios Expecializados
SVF	SWEDEFORCE	Swedish Armed Forces
SVH	SILVER	Sterling Helicopters
SVI	SETRA	Servicios De Transporte Aéreo
SVK	SLOVAKIA	Air Slovakia
SVL	SEVAVIA	Sevastopol-Avia
SVM	SERVIMONTE	Aeroservicios Monterrey
SVN	SAVANAIR	Savanair (Angola)
SVO	SERVIORIENTE	Servicios Aeronáuticos de Oriente
SVR	SVERDLOVSK AIR	Ural Airlines
SVS	AEREOS SAAR	Servicios Aéreos Saar
SVT	SIERRA SERVICES	Seven Four Eight Air Services
SVV	SALT	SALTAVIATION
SVW	SILVER ARROWS	Global Jet Luxembourg
SVX	SECURITY AIR	Security Aviation
SVY	SURVEYOR	Cooper Aerial Surveys
SWA	SOUTHWEST	Southwest Airlines
SWB	SWISSBOOGIE	Swissboogie Parapro
SWC	SAINT CLAIR	South West Air
SWD	SAWBLADE	Trifly
SWE	SWEDELINE	Swedeways
SWF	GALAIR	Galair International
SWG	SUNWING	Sunwing Airlines
SWH	SHOCKWAVE	Adler Aviation
SWI	SUNWORLD	Sunworld Airlines
SWJ	STATES	StatesWest Airlines
SWK	SKYWALKER	General Aerospace
SWL	TRANSJET	Trans Jet Airways
SWN	AIR SWEDEN	West Atlantic Sweden
SWO	SIVA	Surinam International Victory Airline
SWP	STAR WORK	Star Work Sky
SWQ	SWIFTFLIGHT	Swift Air (Interstate Equipment Leasing)
SWR	SWISS	Swiss International Air Lines
SWS	SUNNY WEST	Sunwest Aviation (Lindquist Investment)
SWT	SWIFT	Swiftair
SWU	SKYALPS	Sky Alps
SWV	FLYING SWEDE	Swe Fly
SWW	WAY AERO	Shovkoviy Shlyah
SWX	SWAZI EXPRESS	Swazi Express Airways
SWY	SWISSLINK	Sky Jet
SWZ	SWISSBIRD	Servair, Private Charter
SXA	FERRY	Southern Cross Aviation
SXC	SKY EXEC	Sky Exec Aviation Services
SXD	SUNRISE	Sunexpress Deutschland
SXE	DOGWOOD EXPRESS	Southeast Express Airlines
SXM	SERVIMEX	Servicios Aéreos Especializados Mexicanos
SXN	SAXONAIR	SaxonAir
SXP	EXPRESS SKY	Direct Fly
SXS	SUNEXPRESS	SunExpress
SXT	SERTA	Servicios De Taxi Aéreo
SXX	SATELLITE EXPRESS	Satellite Aero
SXY	SAFARI EXPRESS	Safari Express Cargo
SYA	LINEAS CARDINAL	Skyways
SYC	SYSTEC	Systec 2000
SYF	SKY FIRST	Sky One Express Airlines
SYG	SYNERGY	Synergy Aviation
SYK	AEROCAB	Satsair
SYL	AIR YAKUTIA	Yakutia Airlines
SYN	SYNCRUDE	Syncrude Canada
SYR	SYRIANAIR	Syrian Arab Airlines
SYS	SHAWBURY	Shawbury Flying Training Unit
SYT	SKYTRACK	Aerosud Aviation
SYV	SPECIAL SYSTEM	Special Aviation Systems
SYX	SKYWAY EX	Skywalk Airlines
SYY	SKY COACH	South African Historic Flight
SYZ	ZIL AIR	Zil Air
SZA	AESA	Aerolíneas de El Salvador
SZB	SAMOA	Samoa Air
SZN	AIR SENEGAL	Air Senegal
SZT	AERO ZEE	Servicios Aeronáuticos Z
TAA	AERO COSTA	Aeroservicios de La Costa
TAC	TURBOT	Turbot Air Cargo
TAD	TRANS DOMINICAN	Transporte Aéreo Dominicano
TAE	TAME	TAME
TAG	TAG U S	TAG Aviation USA
TAH	AIR MOOREA	Air Moorea
TAJ	TUNISAVIA	Tunisavia
TAL	TALAIR	Talair
TAM	TAM	LATAM Brasil
TAN	ZANAIR	Zanair
TAO	TRANS AEROMAR	Aeromar
TAP	AIR PORTUGAL	TAP Portugal
TAR	TUNAIR	Tunisair
TAS	LOTUS FLOWER	Lotus Air
TAT	TACA COSTARICA	Grupo TACA
TAU	TRANSTAURO	Transportes Aéreos Tauro
TAV	TAVISA	Compañía de Servicios Aéreos Tavisa
TAX	TRAVELAIR	Travel Air
TAY	QUALITY	TNT Airways
TBA	TIBET	Tibet Airlines
TBD	ORCA	Thunderbird Tours
TBI	TAB INTERNATIONAL	TAB Express International
TBL	TELCO	Bell Aliant Regional Communications
TBM	TABAN AIR	Taban Air Lines
TBN	TEEBAH	Teebah Airlines
TBO	AERO CABOS	Aero Taxi de Los Cabos
TBR	TUBELAIR	Tubelair
TBS	TRIBASA	Servicios Aéreos Tribasa
TBX	TABEX	Tobago Express
TCA	TROPICANA	Tropican Air Services
TCB	TRANSCARIBE	Transporte del Caribe
TCC	TRANSCAL	Trans Continental Airlines
TCD	TCHADLINES	Tchad Airlines
TCE	TRANS COLORADO	Trans-Colorado Airlines
TCF	TECH FLIGHT	Florida Institute of Technology
TCG	AFRICARGO	Transafricaine Air Cargo
TCH	TRANS GULF	Transcontinental Air
TCI	KERRMONT	Air Turks and Caicos
TCL	TRANS COASTAL	Coastal Air Transport
TCM	TELEDYNE	Teledyne Continental Motors
TCN	TRANSCON	Trans Continental Airlines
TCO	TRANSCOLOMBIA	Aerotranscolombina de Carga
TCP	TRANSCORP	Transcorp Airways
TCR	TICOS	Lanaes Aereas Trans Costa Rica
TCT	TRANS CONT	Transcontinental Sur
TCU	TRANSGLOBAL	Transglobal Airways Corporation
TCV	CABOVERDE	TACV
TCW	KESTREL	Thomas Cook Airlines
TCX	KESTREL	Thomas Cook Airlines
TCY	TWIN CITY	Twin Cities Air Service
TDA	TREND AIR	Trend Aviation
TDB	THUNDER BAY	Welch Aviation
TDC	TADAIR	Tadair
TDE	TELLURIDE	Tellavia / Flight One
TDG	TURBO DOG	Air Cargo Express
TDI	TRANSIXTLAN	Transportes Aéreos de Ixtlán
TDM	TANDEM	Tandem Aero
TDO	TRADO	TRADO
TDR	TRADEAIR	Trade Air
TDS	TSARADIA	Tsaradia
TDT	TRIDENT	Atlas Helicopters
TDV	TAXI EVORA	Taxi Aero Nacional Del Evora
TDX	TRADEWINDS EXPRESS	Tradewinds Airlines
TDY	AIR TODAY	Air Today
TEA	TRAVELMAX	Executive Turbine Aviation
TEB	TENIR AIR	Tenir Airlines
TEC	TECHJET	ADI Shuttle Group
TED	AEROAZTECA	Aero Servicios Azteca
TEE	TEEBIRD	West Freugh DTEO
TEF	TECFOTO	Tecnicas Fotograficas
TEH	TEMPELHOF	Tempelhof Airways
TEL	TELFORD	Telford Aviation
TEM	TECHMONT	Tech-Mont Helicopter Company
TEN	TENNESSEE	Tennessee Airways
TEP	TRANSEURLINE	Transeuropean Airlines
TER	TERRI AIRE	Territorial Airlines
TES	TESABAN	Taespejo Portugal LDA
TET	TEPAVIA	Tepavia-Trans Airlines
TEW	TEAMWORK	Airteam Charter
TEX	CATEX	Catex
TEZ	TEZJET	TezJet
TFA	TRANS FLORIDA	Trans-Florida Airlines
TFB	ROYAL TEE AIR	Tair Airways
TFF	TALON FLIGHT	Talon Air
TFG	TRAFALGAR	MAS Airways
TFH	THAI HELICOPTER	Thai Flying Helicopter Service
TFL	ORANGE	TUI fly Netherlands
TFN	SPIRIT	Norwegian Aviation College
TFO	TRANSPORTES PACIFICO	Transportes Aéreos del Pacífico
TFT	THAI FLYING	Thai Flying Service
TFU	THJY	213th Flight Unit
TFY	TAYSIDE	Tayside Aviation
TGA	AIR TOGO	Air Togo
TGC	THANET	TG Aviation
TGE	TASA	Trabajos Aéreos
TGG	TIGGOZ	Tigerair Australia
TGI	TRANSPORTE REGIONAL	Transportes Aéreos Regionales
TGM	TAG ESPANA	TAG Aviation Espana
TGN	TRIGANA	Trigana Air Service
TGO	TRANSPORT	Transport Canada
TGT	TARGET	SAAB Nyge Aero
TGW	SCOOTER	Scoot
TGX	TRANSGABON	Transair Gabon
TGY	TRANS GUYANA	Trans Guyana Airways
TGZ	TAMAZI	Georgian Airways
THA	THAI	Thai Airways International
THB	THAI SABAI	Spark Air
THC	TARHEEL	Tar Heel Aviation
THD	THAI SMILE	Thai Smile Airways
THE	TOUMAI AIR	Toumai Air Tchad
THF	TOURAINE HELICO	Touraine Helicoptere
THG	THAI GLOBAL	Thai Global Airline
THJ	THAI JET	Thai Jet Intergroup
THK	HUR KUS	Turk Hava Kurumu Hava Taksi Isletmesi
THM	THAI AIRMARK	Airmark Aviation
THN	ATHENA	International Security Assistance Force
THO	LEMPIRA	TACA De Honduras
THR	TEHRAN AIR	Tehran Airline
THS	TUSAS	Turkish Aerospace Industries
THT	TAHITI AIRLINES	Air Tahiti Nui
THU	AIR THUNDER	Thunder Airlines
THY	TURKISH	Turkish Airlines
THZ	LYON HELIJET	Trans Helicoptere Service
TIA	TRANS INTERNATIONAL	Trans International Airlines
TIB	TRIP	TRIP Linhas Aéreas
TIC	TRAVEL INTERNATIONAL	Travel International Air Charters
TID	TINDI	Air Tindi
TIE	TIME AIR	Time Air
TIH	TIRIAC AIR	S C Ion Tiriac
TIK	TICAIR	Tic Air
TIM	TEAM BRASIL	TEAM Linhas Aéreas
TIN	TAINO	Taino Tours
TIP	TRANSPAC	C and M Aviation
TIR	ANTAIR	Antair
TIS	TESIS	Tesis
TIW	TIACA	Transcarga Intl Airways
TJK	TAJIKAIR	Tajikair
TJN	NERON	Tien-Shan
TJS	TYROLJET	Tyrolean Jet Services
TJT	TWINJET	Twin Jet
TKC	TIKAL	Tikal Jets Airlines
TKE	ISLAND BIRD	Take Air Line
TKJ	ANATOLIAN	AJet
TKK	TARKA	flyADVANCED
TKR	TANKER	Canadian Interagency Forest Fire Centre
TKX	TROPEXPRESS	Tropical International Airways
TLA	TRANSLIFT	Translift Airways
TLB	TRIPLE A	Atlantique Air Assistance
TLC	CARIB X	Caribbean Express
TLD	AEREO AUTLAN	Aereo Taxi Autlan
TLE	AEROUTIL	Aero Util
TLF	TRANS LEONE	Transport Africa
TLK	STARLINK	Starlink Aviation
TLL	ATLANTIC LEONE	Trans Atlantic Airlines
TLM	MENTARI	Thai Lion Mentari
TLP	TULIPAIR	Tulip Air
TLR	AIR LIBYA	Air Libya Tibesti
TLS	TEALSY	TLC Air
TLT	TURTLE	Turtle Airways
TLU	AEROTOLUCA	Aero Toluca International
TLV	PAJAROS	Travelair
TLW	TEAMLINE	Teamline Air
TLX	TELESIS	Telesis Transair
TLY	TOPFLY	Top Fly
TMA	TANGO LIMA	Trans Mediterranean Airlines
TMB	TOMBO	Volato
TMC	TRAIL BLAZER	Travel Management Company
TMD	TRANSMANDU	Transmandu
TME	TAXICENTRO	Aero Taxi del Centro de Mexico
TMG	TRILINES	Tri-MG Intra Asia Airlines
TMH	TAXIMARAKAME	Taxis Turisticos Marakame
TMI	TAMIRWAYS	Tamir Airways
TMK	TOMAHAWK	Tomahawk Airways
TML	TAM AIRLINE	Transports et Travaux Aériens de Madagascar
TMM	WILLOW RUN	TMC Airlines
TMN	TASMAN	Tasman Cargo Airlines
TMP	TEMPE	Arizona Express Airlines
TMQ	TRAM AIR	TRAM
TMR	TIMBER	Timberline Air
TMS	TEMSCO	Temsco Helicopters
TMT	TRANS MIDWEST	Trans Midwest Airlines
TMX	TRAMON	Tramon Air
TMY	MUNDO MAYA	Transportes Aéreos del Mundo Maya
TMZ	TRANS AMAZON	Transporte Amazonair
TNB	TRANS BENIN	Trans Air-Benin
TNC	NATCOM	National Aviation Consultants
TND	TAXIS CESSNA	Aero Taxis Cessna
TNE	TAXINOROESTE	Taxis Aéreos del Noroeste
TNF	TRANSFAS	Transafricaine
TNI	TRANSINTER	Transair International Linhas Aéreas
TNL	SKY HORSE	Tengeriyn Ulaach Shine
TNM	TIARA	Tiara Air
TNO	AEROUNION	Aerotransporte de Carga Union
TNP	TRANSPED	Transped Aviation
TNR	TAN AIR	Tanana Air Services
TNT	TRANS NORTH	Trans North Turbo Air
TNU	TRANSNUSA	TransNusa
TNV	TRANSNORTHERN	Transnorthern
TNW	TRANS NATION	Trans Nation Airways
TNX	TRAINER	Trener Ltd
TNY	TWINCAL	Twin Town Leasing Company
TOB	TOBRUK AIR	Tobruk Air
TOC	TROPICMEX	Aerotropical
TOF	TOPCLIFFE	RAF Topcliffe Flying Training Unit
TOH	TOMISKO CARGO	Air Tomisko
TOJ	TOJ AIRLINE	TOJ Airlines
TOK	BALUS	Airlines PNG
TOL	TOL AIR	Tol-Air Services
TOM	TOM JET	TUI Airways
TON	AEROTONALA	Aero Tonala
TOP	AIR TOP	Top Air
TOR	HOMERUN	FlyGTA Airlines
TOS	TROPISER	Tropic Air
TOW	TOWLINE	AirTanker
TOX	SKY KINGDOM	Neosiam Airways
TOY	TOYOTA	Toyota Canada
TPA	TAMPA	TAMPA
TPB	AERO TROPICAL	Aero Tropical
TPC	AIRCAL	Air Calédonie
TPD	TOP SPEED	Top Speed
TPF	TAXIPACIFICO	Taxis Aéreos del Pacífico
TPG	TRANSPEGASO	Transportes Aéreos Pegaso
TPK	TCHAD HORIZON	Air Horizon
TPL	INTERPILOT	TAR Interpilot
TPM	TRANSPAIS	Transpaís Aéreo
TPN	AEREA DELNORTE	Transportación Aérea del Norte
TPO	TAXI POTOSI	Aero Taxi del Potosi
TPP	TRANS EXPRESS	Transpac Express
TPR	TAXIS PARRAL	Taxis Aéreos De Parral
TPS	TAPSA	TAPSA Transportes Aéreos Petroleros
TPT	TASSA	Transportes Aéreo del Sureste
TPU	TRANS PERU	Trans American Airlines (Trans Am)
TPV	THAI PACIFIC	Thai Pacific Airlines Business
TPX	TRANSXALAPA	Transportes Aéreos De Xalapa
TPY	TRANS PROVINCIAL	Trans-Provincial Airlines
TPZ	TRANSPAZ	Transportes La Paz
TQE	TAXAIR	Taxair Mexiqienses
TQF	RAINBOW	United Kingdom Royal VIP Flights
TQM	TACOMA	JM Family Aviation
TQN	TAQUAN	Taquan Air Services
TQR	TRANSQUERETARO	Transportación Aérea De Querétaro
TQS	AEROTURQUESA	Aeroturquesa
TRA	TRANSAVIA	Transavia Holland
TRB	KIROVTRANS	Ukraine Transavia
TRC	TRACKER	Trans Air Charter
TRD	TRANS ISLAND	Trans Island Air
TRF	TAXI JET	Taxi Air Fret
TRH	TRANSTAR	Airmark Aviation
TRI	TRILLIUM	Executive Flight Operations Ontario Government
TRJ	HIGH TIDE	Trans Euro Air
TRK	TURKISH REPUBLIC	Turkish Airlines General Aviation
TRL	STARSTREAM	Starlite Aviation
TRM	SOTRANS	Transport Aerien de Mauritanie
TRN	AEROTRON	Servicios Aéreos Corporativos
TRO	MOLOKAI	Tropic Airlines-Air Molokai
TRP	TROOPER	Maryland State Police
TRQ	HUNTER	Turdus Airways
TRR	TRAMSON	Tramson Limited
TRS	CITRUS	AirTran Airways
TRT	TRANS ARABIAN	Trans Arabian Air Transport
TRU	TRI AIR	Triangle Airline (Uganda)
TRW	TRANS WEST	Transwestern Airlines of Utah
TRY	TRISTAR AIR	Tristar Airlines
TRZ	TRANS MERIDIAN	TransMeridian Airlines
TSA	AIRTRAF	Transair France
TSC	AIR TRANSAT	Air Transat
TSD	TAFI	TAF-Linhas Aéreas
TSG	TRANS CONGO	Trans-Air-Congo
TSH	TRANSCANADA	R1 Airlines, previously Regional 1
TSI	TRANSPORTAIR	Transport'air
TSJ	TRAST AERO	Trast Aero
TSK	TOMSK AVIA	Trast Aero
TSL	THAI AVIATION	Thai Aviation Services
TSN	AIR TRANS	Trans-Air Services
TSO	TRANSOVIET	Transaero Airlines
TSP	TRANSPO INTER	Transportes Aéreos Inter
TSQ	AIRTRA	airtransse
TSR	SAN MARINO	TJS San Marino S.r.L.
TSS	TRI STATE	Tri-State Aero
TST	TRAST	TRAST
TSU	TRANSAUTO	Gulf & Caribbean Cargo / Contract Air Cargo
TSV	TROPIC	Tropair Airservices
TSW	SWISSTRANS	Transwings
TSX	THAI STAR	Thai Star Airlines
TSY	TRIPLE STAR	Tristar Air
TTA	KANIMANBO	TTA - Sociedade de Transporte e Trabalho Aéreo
TTB	AERO TURISTICAS	Aerolíneas Turísticas del Caribe
TTC	TRANSTECO	Transteco
TTE	TETON	Avcenter
TTF	CARGO UNIT	224th Flight Unit
TTL	TOTAL	Total Linhas Aéreas
TTM	TOUT AIR	Societe Tout Transport Mauritanien
TTN	TITANIUM	Absolute Flight Services
TTP	MIGHTY WING	Triple O Aviation
TTR	TRANSPORTACIONES	Transportaciones Y Servicios Aéreos
TTS	TECNICO	Transporte Aéreo Técnico Ejecutivo
TTW	SMART CAT	Tigerair Taiwan
TTX	TWISTER	Alliance Air Charters
TUA	TURKMENISTAN	Turkmenistan Airlines
TUC	TURICHILE	Turismo Aéreo de Chile
TUD	TUNDRA	Flight Alaska
TUI	TUI JET	TUI fly Deutschland
TUK	TUCKERNUCK	Ocean Wings Commuter Service
TUL	URSAL	Tulpar Air
TUM	UTAIR CARGO	UTAir
TUN	TUNGARU	Air Tungaru
TUO	TURISTICO	Taxi Aéreo Turístico
TUP	TUPOLEVAIR	Aviastar-Tu
TUX	TULPA	Tulpar Air Service
TUY	AEREOTUY	Línea Turística Aereotuy
TUZ	TUNA	Tuna Aero
TVA	TRANS AMERICA	Trans America Airlines
TVF	FRANCE SOLEIL	Transavia France
TVH	TRAVASA	Trabajos Aéreos Vascongados
TVI	TIRAMAVIA	Tiramavia
TVJ	THAIVIET JET	Thai Vietjet Air
TVL	TRAVEL SERVICE	Smartwings Hungary
TVO	TRANS BALLERIO	Transavio
TVP	JETTRAVEL	Smartwings Poland
TVQ	SLOVAKTRAVEL	Smartwings Slovakia
TVR	TAVREY	Tavrey Airlines
TVS	SKYTRAVEL	Smartwings
TWA	TWA	Trans World Airlines
TWB	TWAYAIR	T'way Air
TWE	TRANSWEDE	Transwede Airways
TWF	CLOUD RUNNER	247 Jet Ltd
TWG	TWINGOOSE	air-taxi Europe
TWI	TAILWIND	Tailwind Airlines
TWL	TRADEWINDS CANADA	Tradewinds Aviation
TWN	TWINARROW	Avialeasing Aviation Company
TWO	COLIBRI	Twente Airlines
TWW	WELWITCHIA	Trans Air Welwitchia
TWY	TWILIGHT	Sunset Aviation, LLC
TXA	OKAY AIR	Texair Charter
TXB	TEXTRON	Bell Helicopter Textron
TXC	TRANSEXPORT	TransAVIAexport Airlines
TXD	TAXI OESTE	Aerotaxis del Noroeste
TXE	TRANSAIR EXPRESS	Transilvania Express
TXF	ALFE	Aerotaxis Alfe
TXI	AEREOTAXIS	Aereotaxis
TXL	TAXI COZATL	Taxi Aéreo Cozatl
TXM	TAXIMEX	Taxi Aéreo de México
TXN	TEXAS NATIONAL	Texas National Airlines
TXO	TAXIS SINALOA	Taxis Aéreos de Sinaloa
TXR	TAXIREY	Taxirey
TXS	TEXAIR	Texas Airlines
TXT	TEXAS CHARTER	Texas Air Charters
TXU	ATESA	ATESA Aerotaxis Ecuatorianos
TXV	TAXIVALLARTA	Puerto Vallarta Taxi Aéreo
TXX	COWBOY	Austin Express
TXZ	TEX STAR	Tex Star Air Freight
TYA	TAIMYR	NordStar
TYF	TAYFLITE	Tayflite
TYG	TRYGG	Trygg-Flyg
TYJ	TYROLMALTA	TJS Malta Ltd.
TYR	TYROLEAN	Tyrolean Airways
TYW	TYROL AMBULANCE	Tyrol Air Ambulance
TZA	AERO TOMZA	Aero Tomza
TZE	TRANSPORTE SAENZ	Transporte Aéreo Ernesto Saenz
TZK	TAJIKISTAN	Tajikistan International Airlines
TZP	ZIPPY	Zipair Tokyo
TZT	ZAMBEZI	Air Zambezi
TZU	TAMAZULA	Servicios Aéreos Tamazula
UAB	UNITED ARABIAN	United Arabian Airlines
UAC	UNITAIR	United Air Charters
UAE	EMIRATES	Emirates
UAF	UNIFORCE	United Arab Emirates Air Force
UAG	AFRALINE	Afra Airlines
UAI	UNAIR	Union Africaine des Transports
UAK	AVIATION PLANT	Kiev Aviation Plant
UAL	UNITED	United Airlines
UAR	AEROSTAR	Aerostar Airlines
UBA	UNIONAIR	Myanma Airways
UBD	UNITED BANGLADESH	United Airways
UBE	FLOWER BEE	Bees Airline
UBG	BANGLA STAR	US-Bangla Airlines
UBT	LONGBOAT	Norse Atlantic UK
UCA	COMMUTAIR	CommutAir
UCC	UGANDA CARGO	Uganda Air Cargo
UCG	UNIWORLD	Uniworld Air Cargo
UCH	US CHARTER	US Airports Air Charter
UCK	GALETA	Air Division of the Eastern Kazakhstan Region
UCO	UCOAVIACION	Ucoaviacion
UCR	CHARTER UKRAINE	Aero-Charter Ukraine
UCS	UNITED CARRIERS	United Carriers Systems
UDA	UDARA	Psudiklat Perhubungan Udara/PLP
UDC	DONBASS AERO	DonbassAero
UDN	DNIEPRO	Dniproavia
UEA	UNITED EAGLE	United Eagle Airlines
UED	AIR L A	Air LA
UEJ	JETCORP	Jetcorp
UES	AVIASYSTEM	Ues-Avia Aircompany
UEU	UNITED EUROPEAN	United European Airlines
UFA	FLIGHT ACADEMY	State Flight Academy of Ukraine
UFS	FEEDER EXPRESS	United Feeder Service
UGA	UGANDA	Air Uganda
UGC	URGEMER	Urgemer Canarias
UGD	CRESTED	Uganda Airlines
UGL	UGLY VAN	Inter-Island Air
UGN	PLUTON	Yuzhnaya Aircompany
UGP	SHARINK	Shar Ink
UHL	UKRAINE COPTERS	Ukrainian Helicopters
UHS	PILOT AIR	Ulyanovsk Higher Civil Aviation School
UIA	GLORY	UNI Air
UIT	ARCTIC	University of Tromsø School of Aviation
UJR	UNIVERSAL JET	Universal Jet Rental de Mexico
UJT	UNI JET	Universal Jet Aviation
UJX	ATLAS UKRAINE	Atlas Ukraine Airlines
UKA	UKAY	Buzzaway Limited
UKI	KHALIQ	UK International Airlines
UKL	UKRAINE ALLIANCE	Ukraine Air Alliance
UKM	UKRAINE MEDITERRANEE	UM Airlines
UKN	ENTERPRISE UKRAINE	Ukraine Air Enterprise
UKP	POLICE	National Police Air Service
UKR	AIR UKRAINE	Air Ukraine
UKS	CARGOTRANS	Ukrainian Cargo Airways
UKU	PYSHMA	Second Sverdlovsk Air Enterprise
UKW	UKRAINE WEST	Lviv Airlines
ULH	ULTIMATEHELI	Ultimate HELI
ULR	VIPER	Ultimate Air
ULS	AIR ULTRA	Ultra Air
ULT	ULTRAIR	Ultrair
UMA	HUMAYA	Líneas Aéreas del Humaya
UMB	AIR UMBRIA	Air Umbria
UMK	YUZMASH	Yuzhmashavia
UND	ATUNEROS UNIDOS	Atuneros Unidos de California
UNF	UNION FLIGHTS	Union Flights
UNJ	PROJET	Universal Jet
UNO	UNITED NATIONS	United Nations
UNR	RIVNE UNIVERSAL	Rivne Universal Avia
UNS	UNSPED	Unsped Paket Servisi
UNT	UNIVERSITARIO	Servicios Aéreos Universitarios
UNU	UNIEURO	Unifly Servizi Aerei
UNY	UNIVERSITY	Lund University School of Aviation
UPA	FOYLE	Air Foyle
UPL	PILOT SCHOOL	Ukrainian Pilot School
UPS	UPS	United Parcel Service
URA	ROSAVIA	Aircompany Rosavia
URF	SURF AIR	Surf Air
URG	URGA	Air Urga
URJ	STARAV	Star Air
URN	TURAN	Turan Air
URP	AIR ARP	ARP 410 Airlines
URR	AIR AURORA	Aurora Airlines
URV	URAI	Uraiavia
URY	CENTURY AVIA	Century Aviation
USB	TUSHETI	Tusheti
USC	STAR CHECK	AirNet Express
USF	AFRICA EXPRESS	USAfrica Airways
USH	US HELI	US Helicopter
USJ	USJET	US Jet
USK	SKIF AIR	Skif-Air
USN	SAMAS	Smarkand Aero Servise
UST	AUSTRO AEREO	Austro Aéreo
USW	AKSAR	Special Aviation Works
USX	AIR EXPRESS	US Express
UTA	UTAIR	UTair Aviation
UTM	AVIATAPS	TAPC Aviatrans Aircompany
UTN	SKYLINE EXPRESS AIRLINE	Skyline Express
UTR	AIRUT	Utair South Africa
UTS	AIRRUH	Ukrainian State Air Traffic Service Enterprise
UTT	ARABIAN TRANSPORT	Transarabian Transportation Services
UTY	UNITY	Alliance Airlines
UVA	UNIVERSAL	Universal Airways
UVG	GUYANA JET	Universal Airlines
UVM	UVAVEMEX	Uvavemex
UVN	UNITED AVIATION	United Aviation
UVS	UNI LEONE	Air Universal
UVT	AUVIA	Auvia Air
UYC	CAM AIR	Cameroon Airlines
UZA	CONSTANTA	Constanta Airline
UZB	UZBEK	Uzbekistan Airways
UZS	SOGDIANA	Samarkand Airways
VAA	EUROVAN	Van Air Europe
VAC	VACATIONAIR	Vacationair
VAD	VALLES	Aero Taxi Los Valles
VAE	AIR EVANS	Air Evans
VAG	SEGA	Vega
VAI	AIR AVALAIR	Avalair
VAL	VOYAGEUR	Voyageur Airways
VAM	AMERAVIA	Ameravia
VAN	CAMEL	Caravan Air
VAP	PHUKET AIR	Phuket Air
VAR	VECA	Veca Airlines
VAS	ATRAN	ATRAN Cargo Airlines
VAT	VISIONAIR	Visionair
VAW	SOFIA JET	Fly2Sky
VAZ	REMONT AIR	Airlines 400
VBA	VEEBEE	V Bird Airlines Netherlands
VBC	AIR VICTOR	AVB-2004 Ltd
VBD	VEEBIRD AVIA	V-Berd-Avia
VBG	VYBORG AIR	North-West Air Transport Company - Vyborg
VBW	BURKINA	Air Burkina
VCA	VICA	VICA - Viacao Charter Aéreos
VCH	CONSORCIO HELITEC	Consorcio Helitec
VCI	CI TOURS	CI-Tours
VCM	CARMEN	Volare Air Charter Company
VCN	AVCON	Execujet Charter
VCR	VOE CRUISER	Cruiser Linhas Aéreas
VCT	VISCOUNT AIR	Viscount Air Service
VCV	CONVIASA	Conviasa
VCX	OCEANCARGO	Ocean Airlines
VDA	VOLGA	Volga-Dnepr Airlines
VDO	AVANDARO	Servicios Aéreos Avandaro
VDR	VOLDIR	Voldirect
VEA	VEGA AIRLINES	Vega Airlines
VEC	VECAR	Venescar Internacional
VEE	VICTOR ECHO	Victor Echo
VEG	AEROVEGA	Aerovega
VEI	GREEN ISLE	Virgin Express Ireland
VEJ	VENEJECUTIV	Aero Ejecutivos
VEN	TRANSAVEN AIRLINE	Transaven
VER	ALMAVER	Almaver
VES	VIEQUES	Vieques Air Link
VEX	VIRGIN EXPRESS	Virgin Express
VFC	VASCO AIR	Vietnam Air Services Company (VASCO)
VFT	ZETA FLIGHTS	VZ Flights
VGA	AIR VEGAS	Air Vegas
VGC	VANGUARDIA COLIMA	Vanguardia en Aviación en Colima
VGD	VANGUARD AIR	Vanguard Airlines
VGF	VISTA GULF	Aerovista Gulf Express
VGN	VIRGIN NIGERIA	Virgin Nigeria Airways
VGO	VIRGO	Sabaidee Airways
VGS	SMART	Stichting Vliegschool 16Hoven
VGV	VOLOGDA AIR	Vologda State Air Enterprise
VHA	AIR V H	VH-Air Industrie
VHM	EARLY BIRD	VHM Schul-und-Charterflug
VHT	VEGAS HEAT	Corporate Flight International
VIB	VITUS	Vibroair Flugservice
VIC	VIP EJECUTIVO	VIP Servicios Aéreos Ejecutivos
VID	AVIAPRAD	Aviaprad
VIE	VIP EMPRESARIAL	VIP Empresarial
VIF	VIENNA FLIGHT	VIF Luftahrt
VIG	VEGA AVIATION	Vega Aviation
VIH	VICHI	Vichi
VIK	SWEDJET	Viking Airlines
VIL	TURTLE DOVE	V I Airlink
VIM	CRYSTAL	Air VIA
VIN	VINAIR	Vinair Aeroserviços
VIP	SOVEREIGN	Tag Aviation UK
VIR	VIRGIN	Virgin Atlantic
VIV	VIVA	VivaAerobus
VIZ	AEROVIZ	Aerovis Airlines
VJA	ICONIC	Vista America
VJC	VIETJET	Vietjet Air
VJM	VIAJES MEXICANOS	Viajes Ejecutivos Mexicanos
VJT	VISTA MALTA	VistaJet
VKG	VIKING	MyTravel Airways
VLA	NALAU	Valan International Cargo Charter
VLB	VOLTA	Air Volta
VLE	VOLA	C.A.I. Second
VLF	VOLANTE	DFS UK Limited
VLG	VUELING	Vueling Airlines
VLI	AEROVOLAR	Avolar Aerolíneas
VLK	VLADAIR	Vladivostok Air
VLM	RUBENS	VLM Airlines
VLN	VALAN	Valan Limited
VLO	VELOG	Varig Logística
VLR	VOLAX	Volare 22 X
VLS	VIREL	Aero Virel
VLT	VERTICAL	Vertical-T Air Company
VLU	VALUAIR	Valuair
VLV	VLADLIFT	Avialift Vladivostok
VLX	AVOLAR	Biz Jet Charter
VMA	VERO MONMOUTH	Vero Monmouth Airlines
VME	AVIAMERICA	Aviación Comercial de América
VMM	VUELOS MED	Grupo Vuelos Mediterraneo
VMP	VAMPIRE	Execujet Scandinavia
VMR	AERO VILAMOURA	Aero Vilamoura
VMS	VICTOR MIKE	His Majesty King Maha Vajiralongkorn
VMX	VENTA	Aeroventas de Mexico
VNA	EBBA	Empresa Aviación Interamericana
VNE	VENEZOLANA	Empresa Venezolana
VNG	VANGUARDIA	Aero Servicios Vanguardia
VNL	VANILLA	Vanilla Air
VNR	WANAIR	Wan Air
VNT	AVIENT	Avient Air Zambia
VNX	VANCE	Fly Advance
VNZ	TBILAVIA	Tbilaviamsheni
VOA	VIAGGIO	Viaggio Air
VOE	VOLOTEA	Volotea
VOG	VOYAGER AIR	Voyager Airlines
VOI	VOLARIS	Volaris
VOL	BLUE SPEED	Blue Chip Jet
VOR	FLIGHT CAL	Flight Calibration Services Ltd.
VOS	ROVOS	Rovos Air
VOZ	VELOCITY	Virgin Australia
VPA	VIP TAXI	DanubeWings
VPB	VETERAN	Veteran Air
VPV	VIP AVIA	VIP-Avia
VQI	VILLA AIR	Villa Air
VRA	VERITAIR	Vertair
VRB	SILVERBACK	Silverback Cargo Freighters
VRC	VERACRUZ	Taxi de Veracruz
VRD	REDWOOD	Virgin America
VRE	UKRAINE VOLARE	Volare Airlines
VRH	SKY VICTOR	Varesh Airlines
VRI	VILLARICA	Aerotaxi Villa Rica
VRL	VOAR LINHAS	Voar Lda
VRN	VARIG	Varig
VRO	AEROVITRO	Aerovitro
VRS	VAIRSA	Sirvair
VRT	AVERITT	Averitt Air Charter
VSA	STARBIRD	Avstar Aviation
VSB	VICKERS	Vickers Limited
VSC	AVESCA	AVESCA
VSG	VISIG	AirClass Airways
VSN	VISION	Vision Airways Corporation
VSO	VASO	Voronezh Aircraft Manufacturing Society
VSP	VASP	VASP
VSR	AVIOSTART	Aviostart AS
VSS	WATERBIRD	Virgin Islands Seaplane Shuttle
VSV	VLASTA	SCAT Airlines
VTA	AIR TAHITI	Air Tahiti
VTB	SUXAIR	Jet Stream Charter KFT.
VTC	VUELOS TOLLOCAN	Vuelos Especializados Tollocan
VTE	VOLUNTEER	Contour Airlines
VTG	ATACARGO	Aviação Transportes Aéreos e Cargas
VTH	VUELOS TEHUACAN	Vuelos Corporativos de Tehuacan
VTI	VISTARA	Vistara
VTK	VOSTOK	Vostok Airlines
VTL	VITALA	Victor Tagle Larrain
VTM	AERONAVES TSM	Aeronaves TSM
VTS	EVERTS	Everts Air Alaska/Everts Air Cargo
VTT	VIATRANSPORT	Avia Trans Air Transport
VTV	VOINTEH	Vointeh
VTX	VERATAXIS	Verataxis
VTY	VICTORY	Air Midwest (Nigeria)
VUE	FLIGHTVUE	AD Aviation
VUL	ELIOS	Elios
VUN	AIRIVOIRE	Air Ivoire
VUO	AEROVUELOX	Aerovuelox
VUR	VIPEC	VIP Ecuador
VUS	VUELA BUS	Vuela Bus
VVA	IALSI	Aviast Air
VVC	VIVA AIR COLOMBIA	Viva Air Colombia
VVF	WORLDFOCUS	Dunyaya Bakis Hava Tasimaciligi
VVG	AEROVILLA	Aerovilla
VVM	JACKPOT	Viva Macau
VVV	VALAIRJET	Valair Aviação Lda
VXG	AVIREX GABON	Avirex
VXN	VIXEN	Sunset Aviation
VXP	AVION EXPRESS	Mali Air Express
VXX	EXPRESSAVIA	Aviaexpress Aircompany
VYT	ANGLESEY	RAF Valley Flying Training Unit
VZL	VZLYET	Vzlyet
VZR	IAZUR	Aviazur
WAA	WIEN	Wien Air Alaska
WAB	WABASH	Aero Industries Inc
WAC	WESTAF CARGO	West African Cargo Airlines
WAD	VULCAN	RAF Waddington
WAE	WESTERN EXPRESS	Western Air Express
WAF	FLAMENCO	Flamenco Airways
WAJ	WING ASIA	AirAsia Japan
WAL	WESTERN ARCTIC	Western Arctic Air
WAM	TAXI CARGO	Air Taxi & Cargo
WAN	WATANIYA	Wataniya Airways
WAP	ARROW PANAMA	Arrow Panama
WAR	WARBIRDS	NZ Warbirds Association
WAS	WALSTEN	Walsten Air Services
WAV	WARBELOW	Warbelow's Air Ventures
WAW	WING SHUTTLE	Wings Airways
WAY	GARONNE	Airways
WAZ	WIZZ SKY	Wizz Air Abu Dhabi
WBA	WESTBIRD	Finncomm Airlines
WBR	WEBER	Multi-Aero
WCA	WEST LEONE	West Coast Airways
WCB	KILO YANKEE	West Africa Airlines
WCC	WEST COAST	West Coast Charters
WCG	WHISKY INDIA	West Coast Airlines
WCO	COLUMBIA HELI	Columbia Helicopters
WCP	WHITECAP	Primaris Airlines
WCR	WEST CARIBBEAN	West Caribbean Costa Rica
WCW	WEST	West Caribbean Airways
WCY	TITAN AIR	Viking Express
WDA	WIMBI DIRA	Wimbi Dira Airways
WDG	WATCHDOG	Ministry of Agriculture, Fisheries and Food
WDK	WOODSTOCK	Oxford Air Services
WDL	WDL	WDL Aviation
WDR	WIND RIDER	Air Net Private Charter
WDS	WINDS	Four Winds Aviation
WDY	WINDYCITY	Phoenix Airline Services
WEA	WHITE EAGLE	White Eagle Aviation
WEB	WEB BRASIL	WebJet Linhas Aéreas
WEC	AIRGO	Universal Airlines
WEL	VELES	Veles, Ukrainian Aviation Company
WEN	ENCORE	WestJet Encore
WES	WEST EX	Western Express Air Lines
WEV	VICTORIA UGANDA	Victoria International Airways
WEW	WESTWIND	West Wind Aviation
WEX	WINGS EXPRESS	Wings Express
WFC	SWIFTCOPTERS	Swift Copters
WFD	AVRO	BAE Systems
WFO	WILBURS	Wilbur's Flight Operations
WFT	WORLD FLIGHT	Aircharters Worldwide
WGA	WEGA FRANKO	Vega Air Company
WGN	WESTERN GLOBAL	Western Global Airlines
WGP	GRAND PRIX	Williams Grand Prix Engineering
WGS	AIRWINGS	Airwings oy
WGT	WORLDGATE	Volkswagen AirService GmbH
WHE	WESTLAND	Westland Helicopters
WHR	WHIRLEYBIRD	Hummingbird Helicopter Service
WHS	WEEKING	Wiking Helikopter Service
WHT	WHITEJET	White
WHY	AIR SOREL	Air Sorel
WIA	WINDWARD	Winair
WIF	WIDEROE	Widerøe
WIG	WIGGINS AIRWAYS	Wiggins Airways
WIL	WILLIAMETTE	Aero Air
WIN	WINLINK	Winlink
WIS	WISCAIR	Paccair
WIT	STRIKER	RAF Wittering
WIW	VEE AVIA	V-avia Airline
WIZ	WIZARD	Micromatter Technology Solutions
WJA	WESTJET	WestJet
WKH	WEST KHARKOV	Kharkov Aircraft Manufacturing Company
WLA	AIRLIMITED	Airwaves Airlink
WLB	WING LEBANON	Wings of Lebanon Aviation
WLC	WELCOMEAIR	Welcome Air
WLG	GOUMRAK	Air Volga
WLK	SKYWATCH	Skyrover CC
WLR	AIRWALSER	Air Walser
WLT	WINGLET	Aviation Partners
WLV	WOLVERINE	Aviation North
WLX	WEST LUX	West Air Luxembourg
WML	MARLIN	Chantilly Air
WMT	WIZZ AIR MALTA	Wizz Air Malta
WNA	WINAIR	Winair
WNR	WONDAIR	Wondair on Demand Aviation
WOA	WORLD	World Airways
WOK	WOKAIR	Kovar Air
WOL	WINGJET	Wings Aviation
WON	WINGS ABADI	Wings Air
WOW	WOW AIR	WOW air
WPA	WESTPAC	Western Pacific Airservice
WPK	WOLFPACK	Air-Lift Associates
WPR	WESTPAC RESCUE	Auckland Regional Rescue Helicopter Trust
WPT	WAPITI	Wapiti Aviation
WRF	WRIGHT FLYER	Wright Air Service
WRR	WRAP AIR	WRA Inc
WRT	WRIGHT AIR	Wright Airlines
WSA	WESTATES	Westgates Airlines
WSC	WESTCAR	Westair Cargo Airlines
WSG	WASAYA	Wasaya Airways
WSI	WIND SPIRIT	Wind Spirit Air
WSL	WEST LINE	Westflight Aviation
WSM	WISMAN	Wisman Aviation
WSN	WINGSPAN	Advanced Air
WST	WESTERN BAHAMAS	Western Air
WSW	SWOOP	Swoop
WTA	WEST TOGO	Africa West
WTC	WATCO	Weasua Air Transport Company
WTF	WESTAF AIRTRANS	West African Air Transport
WTN	TARNISH	BAE Systems
WTP	WESTPOINT	Westpoint Air
WTV	WESTAVIA	Western Aviators
WUK	WIZZ GO	Wizz Air UK
WVA	WABASH VALLEY	Hand D Aviation
WVL	WIZZBUL	Wizz Air Bulgaria
WWD	WESTWARD	Westward Airways
WWG	AERO W	Aereo WWG
WWI	WORLDWIDE	Worldwide Jet Charter
WWM	MANAS WING	World Wing Aviation
WWW	JANET	Janet
WYC	WYCOMBE	Wycombe Air Centre
WYG	WYOMING	Wyoming Airlines
WYT	WYTON	2 Sqn No 1 Elementary Flying Training School
WZP	ZIPPER	Zip
WZZ	WIZZAIR	Wizz Air
XAB	AERO XABRE	Xabre Aerolineas
XAE	AURA	Xair
XAK	SUNEXPRESS	Airkenya
XAM	ALLIANCE	AMR Services Corporation
XAP	MID TOWN	Direct Air trading as Midway Connection
XAR	XPRESS	XpressAir
XAU	PEARL	Aerolink Uganda
XAV	AVIAPROM	Aviaprom Enterprises
XAX	XANADU	AirAsia X
XCA	COLT	Colt Transportes Aereos
XCC	XCALAK	Ecoturistica de Xcalak
XCT	AEROCOSTAXI	Aero Costa Taxi Aéreo
XEL	HELI EXCEL	Excel Charter
XER	XEROX	Xerox Corporation
XFA	FAX AIR	FlyAsianXpress
XFX	AIRCORP	Airways Corporation of New Zealand
XJC	EXCLUSIVE JET	XJC Limited
XJT	XRAY	Xjet Limited
XLA	EXPO	Excel Airways
XLK	SAFARILINK	Safarilink Aviation
XLL	TINGA TINGA	Air Excel
XLT	INFRAERO	Empressa Brasileira de Infra-Estrutura Aeroportuaria-Infraero
XME	AUS CARGO	Australian airExpress
XMR	AUTHORITY	Irish Aviation Authority
XMS	SANTA	British Airways Santa
XMX	SENEAM	SENEAM
XNA	EXPRESSNET	Express Net Airlines
XNR	TAXI NORTE	Taxi Aero Del Norte
XOJ	EXOJET	XOJet
XPE	EXPERT	Amira Air
XPL	EXPRESSLINE	Express Line Aircompany
XPS	XP PARCEL	XP International
XRA	INTENSIVE	Intensive Air
XRC	TUNISIA CARGO	Express Air Cargo
XRO	CRAMER	ExxAero
XSL	EXCELAIRE	Excel-Aire Service
XSR	AIRSHARE	Executive Flight Services
XSS	INTER EXPRESS	Aero Express Intercontinental
XTA	TEXTRA	Servicios Aéreos Textra
XTO	EXPRESS TOURS	Express Tours
XTR	EXTER	Sector Airlines
XYZ	RAINBIRD	Island Air Express
YAK	YAK AVIA	Yakolev
YBE	YELLOW BIRD	Stewart Aviation Services
YFS	YOUNG AIR	Young Flying Service
YOG	YOGAN AIR	Central Aviation
YRG	YAKAIR GEORGIA	Yak Air
YWZ	COAST AIR	West Coast Air
YZR	YANGTZE RIVER	Suparna Airlines
ZAI	ZASAIR	Zaire Aero Service
ZAK	ZAMBIA SKIES	Zambia Skyways
ZAN	ZANTOP	Zantop International Airlines
ZAR	ZAIREAN	Zairean Airlines
ZAS	ZAS AIRLINES	ZAS Airlines of Egypt
ZAV	ZETAVIA	Zetavia
ZAW	ZED AIR	Zoom Airways
ZBA	BOSKY	Boskovic Air Charters Limited
ZMA	ZAMBEZI WINGS	Zambezi Airlines
